Sl_No,District,Market,Commodity,Variety,Grade,Min_Price_Rs,Max_Price_Rs,Modal_Price_Rs,Date
657,Varanasi,Varanasi,Wheat,Dara,FAQ,2650,2735,2700,2023-01-02
327,Varanasi,Varanasi,Wheat,Dara,FAQ,2650,2745,2710,2023-01-03
394,Varanasi,Varanasi,Wheat,Dara,FAQ,2665,2760,2715,2023-01-04
264,Varanasi,Varanasi,Wheat,Dara,FAQ,2685,2785,2718,2023-01-05
263,Varanasi,Varanasi,Wheat,Dara,FAQ,2670,2750,2720,2023-01-06
50,Varanasi,Varanasi,Wheat,Dara,FAQ,2650,2735,2700,2023-01-07
191,Varanasi,Varanasi,Wheat,Dara,FAQ,2650,2735,2700,2023-01-09
64,Varanasi,Varanasi,Wheat,Dara,FAQ,2650,2745,2720,2023-01-10
529,Varanasi,Varanasi,Wheat,Dara,FAQ,2670,2760,2715,2023-01-11
724,Varanasi,Varanasi,Wheat,Dara,FAQ,2650,2765,2725,2023-01-14
34,Varanasi,Varanasi,Wheat,Dara,FAQ,2700,2785,2730,2023-01-16
313,Varanasi,Varanasi,Wheat,Dara,FAQ,2700,2800,2740,2023-01-17
536,Varanasi,Varanasi,Wheat,Dara,FAQ,2700,2785,2750,2023-01-18
338,Varanasi,Varanasi,Wheat,Dara,FAQ,2750,2840,2780,2023-01-19
26,Varanasi,Varanasi,Wheat,Dara,FAQ,2740,2825,2780,2023-01-20
323,Varanasi,Varanasi,Wheat,Dara,FAQ,2740,2815,2785,2023-01-21
246,Varanasi,Varanasi,Wheat,Dara,FAQ,2750,2835,2790,2023-01-23
340,Varanasi,Varanasi,Wheat,Dara,FAQ,2750,2835,2800,2023-01-24
735,Varanasi,Varanasi,Wheat,Dara,FAQ,2765,2845,2800,2023-01-25
326,Varanasi,Varanasi,Wheat,Dara,FAQ,2765,2845,2810,2023-01-27
593,Varanasi,Varanasi,Wheat,Dara,FAQ,2765,2850,2815,2023-01-28
324,Varanasi,Varanasi,Wheat,Dara,FAQ,2770,2865,2815,2023-01-30
643,Varanasi,Varanasi,Wheat,Dara,FAQ,2765,2850,2820,2023-01-31
435,Varanasi,Varanasi,Wheat,Dara,FAQ,2740,2835,2770,2023-02-01
155,Varanasi,Varanasi,Wheat,Dara,FAQ,2740,2850,2775,2023-02-02
599,Varanasi,Varanasi,Wheat,Dara,FAQ,2675,2800,2765,2023-02-03
481,Varanasi,Varanasi,Wheat,Dara,FAQ,2725,2800,2760,2023-02-04
534,Varanasi,Varanasi,Wheat,Dara,FAQ,2740,2835,2770,2023-02-06
258,Varanasi,Varanasi,Wheat,Dara,FAQ,2735,2850,2780,2023-02-07
460,Varanasi,Varanasi,Wheat,Dara,FAQ,2765,2835,2800,2023-02-08
11,Varanasi,Varanasi,Wheat,Dara,FAQ,2750,2845,2810,2023-02-09
254,Varanasi,Varanasi,Wheat,Dara,FAQ,2775,2850,2815,2023-02-10
438,Varanasi,Varanasi,Wheat,Dara,FAQ,2750,2865,2810,2023-02-11
72,Varanasi,Varanasi,Wheat,Dara,FAQ,2765,2880,2820,2023-02-13
100,Varanasi,Varanasi,Wheat,Dara,FAQ,2765,2845,2800,2023-02-14
665,Varanasi,Varanasi,Wheat,Dara,FAQ,2765,2835,2800,2023-02-15
554,Varanasi,Varanasi,Wheat,Dara,FAQ,2775,2890,2810,2023-02-16
691,Varanasi,Varanasi,Wheat,Dara,FAQ,2770,2845,2800,2023-02-17
73,Varanasi,Varanasi,Wheat,Dara,FAQ,2740,2835,2780,2023-02-20
650,Varanasi,Varanasi,Wheat,Dara,FAQ,2740,2850,2780,2023-02-21
61,Varanasi,Varanasi,Wheat,Dara,FAQ,2675,2825,2785,2023-02-22
601,Varanasi,Varanasi,Wheat,Dara,FAQ,2750,2835,2790,2023-02-23
269,Varanasi,Varanasi,Wheat,Dara,FAQ,2750,2835,2780,2023-02-24
42,Varanasi,Varanasi,Wheat,Dara,FAQ,2700,2785,2750,2023-02-25
630,Varanasi,Varanasi,Wheat,Dara,FAQ,2640,2735,2695,2023-02-27
175,Varanasi,Varanasi,Wheat,Dara,FAQ,2550,2735,2670,2023-02-28
688,Varanasi,Varanasi,Wheat,Dara,FAQ,2620,2700,2665,2023-03-01
133,Varanasi,Varanasi,Wheat,Dara,FAQ,2550,2675,2635,2023-03-02
235,Varanasi,Varanasi,Wheat,Dara,FAQ,2535,2635,2585,2023-03-03
65,Varanasi,Varanasi,Wheat,Dara,FAQ,2485,2575,2535,2023-03-04
532,Varanasi,Varanasi,Wheat,Dara,FAQ,2525,2575,2540,2023-03-06
265,Varanasi,Varanasi,Wheat,Dara,FAQ,2450,2550,2500,2023-03-07
619,Varanasi,Varanasi,Wheat,Dara,FAQ,2400,2485,2450,2023-03-10
218,Varanasi,Varanasi,Wheat,Dara,FAQ,2375,2465,2420,2023-03-11
121,Varanasi,Varanasi,Wheat,Dara,FAQ,2350,2465,2400,2023-03-13
425,Varanasi,Varanasi,Wheat,Dara,FAQ,2340,2425,2375,2023-03-14
132,Varanasi,Varanasi,Wheat,Dara,FAQ,2250,2425,2350,2023-03-15
510,Varanasi,Varanasi,Wheat,Dara,FAQ,2250,2345,2300,2023-03-16
118,Varanasi,Varanasi,Wheat,Dara,FAQ,2250,2336,2300,2023-03-17
410,Varanasi,Varanasi,Wheat,Dara,FAQ,2275,2385,2320,2023-03-18
189,Varanasi,Varanasi,Wheat,Dara,FAQ,2165,2345,2280,2023-03-20
158,Varanasi,Varanasi,Wheat,Dara,FAQ,2240,2350,2270,2023-03-21
289,Varanasi,Varanasi,Wheat,Dara,FAQ,2240,2320,2275,2023-03-22
483,Varanasi,Varanasi,Wheat,Dara,FAQ,2240,2350,2280,2023-03-23
341,Varanasi,Varanasi,Wheat,Dara,FAQ,2240,2350,2265,2023-03-24
516,Varanasi,Varanasi,Wheat,Dara,FAQ,2185,2350,2260,2023-03-25
628,Varanasi,Varanasi,Wheat,Dara,FAQ,2185,2265,2230,2023-03-27
366,Varanasi,Varanasi,Wheat,Dara,FAQ,2170,2285,2215,2023-03-29
148,Varanasi,Varanasi,Wheat,Dara,FAQ,2150,2235,2200,2023-03-30
652,Varanasi,Varanasi,Wheat,Dara,FAQ,2150,2245,2200,2023-03-31
113,Varanasi,Varanasi,Wheat,Dara,FAQ,2140,2235,2180,2023-04-01
664,Varanasi,Varanasi,Wheat,Dara,FAQ,2125,2250,2170,2023-04-03
605,Varanasi,Varanasi,Wheat,Dara,FAQ,2125,2200,2160,2023-04-04
212,Varanasi,Varanasi,Wheat,Dara,FAQ,2125,2200,2150,2023-04-05
97,Varanasi,Varanasi,Wheat,Dara,FAQ,2115,2165,2130,2023-04-07
399,Varanasi,Varanasi,Wheat,Dara,FAQ,2125,2200,2140,2023-04-08
293,Varanasi,Varanasi,Wheat,Dara,FAQ,2125,2170,2135,2023-04-10
537,Varanasi,Varanasi,Wheat,Dara,FAQ,2115,2160,2130,2023-04-11
192,Varanasi,Varanasi,Wheat,Dara,FAQ,2125,2185,2135,2023-04-12
715,Varanasi,Varanasi,Wheat,Dara,FAQ,2120,2145,2125,2023-04-13
387,Varanasi,Varanasi,Wheat,Dara,FAQ,2125,2185,2135,2023-04-14
217,Varanasi,Varanasi,Wheat,Dara,FAQ,2125,2150,2130,2023-04-15
370,Varanasi,Varanasi,Wheat,Dara,FAQ,2100,2140,2125,2023-04-17
626,Varanasi,Varanasi,Wheat,Dara,FAQ,2120,2140,2125,2023-04-18
539,Varanasi,Varanasi,Wheat,Dara,FAQ,2120,2175,2145,2023-04-19
102,Varanasi,Varanasi,Wheat,Dara,FAQ,2125,2175,2140,2023-04-20
415,Varanasi,Varanasi,Wheat,Dara,FAQ,2125,2200,2140,2023-04-24
337,Varanasi,Varanasi,Wheat,Dara,FAQ,2125,2250,2170,2023-04-25
23,Varanasi,Varanasi,Wheat,Dara,FAQ,2125,2235,2180,2023-04-26
48,Varanasi,Varanasi,Wheat,Dara,FAQ,2125,2245,2200,2023-04-27
680,Varanasi,Varanasi,Wheat,Dara,FAQ,2125,2250,2190,2023-04-28
304,Varanasi,Varanasi,Wheat,Dara,FAQ,2125,2225,2180,2023-04-29
7,Varanasi,Varanasi,Wheat,Dara,FAQ,2125,2200,2140,2023-05-01
621,Varanasi,Varanasi,Wheat,Dara,FAQ,2125,2230,2150,2023-05-02
231,Varanasi,Varanasi,Wheat,Dara,FAQ,2125,2225,2170,2023-05-03
83,Varanasi,Varanasi,Wheat,Dara,FAQ,2125,2250,2170,2023-05-05
375,Varanasi,Varanasi,Wheat,Dara,FAQ,2125,2200,2150,2023-05-06
144,Varanasi,Varanasi,Wheat,Dara,FAQ,2125,2200,2160,2023-05-08
699,Varanasi,Varanasi,Wheat,Dara,FAQ,2125,2200,2165,2023-05-09
200,Varanasi,Varanasi,Wheat,Dara,FAQ,2125,2200,2160,2023-05-10
137,Varanasi,Varanasi,Wheat,Dara,FAQ,2125,2200,2165,2023-05-11
266,Varanasi,Varanasi,Wheat,Dara,FAQ,2125,2200,2165,2023-05-12
157,Varanasi,Varanasi,Wheat,Dara,FAQ,2125,2220,2170,2023-05-13
670,Varanasi,Varanasi,Wheat,Dara,FAQ,2125,2220,2175,2023-05-15
421,Varanasi,Varanasi,Wheat,Dara,FAQ,2125,2220,2165,2023-05-16
361,Varanasi,Varanasi,Wheat,Dara,FAQ,2125,2225,2180,2023-05-17
452,Varanasi,Varanasi,Wheat,Dara,FAQ,2125,2235,2180,2023-05-18
608,Varanasi,Varanasi,Wheat,Dara,FAQ,2125,2235,2185,2023-05-19
252,Varanasi,Varanasi,Wheat,Dara,FAQ,2125,2235,2185,2023-05-20
648,Varanasi,Varanasi,Wheat,Dara,FAQ,2125,2250,2190,2023-05-22
466,Varanasi,Varanasi,Wheat,Dara,FAQ,2125,2235,2185,2023-05-23
162,Varanasi,Varanasi,Wheat,Dara,FAQ,2125,2240,2200,2023-05-24
51,Varanasi,Varanasi,Wheat,Dara,FAQ,2125,2235,2190,2023-05-25
727,Varanasi,Varanasi,Wheat,Dara,FAQ,2125,2235,2170,2023-05-29
351,Varanasi,Varanasi,Wheat,Dara,FAQ,2125,2235,2175,2023-05-30
207,Varanasi,Varanasi,Wheat,Dara,FAQ,2125,2220,2170,2023-05-31
482,Varanasi,Varanasi,Wheat,Dara,FAQ,2125,2245,2175,2023-06-01
471,Varanasi,Varanasi,Wheat,Dara,FAQ,2125,2265,2200,2023-06-02
30,Varanasi,Varanasi,Wheat,Dara,FAQ,2125,2235,2200,2023-06-03
723,Varanasi,Varanasi,Wheat,Dara,FAQ,2125,2265,2220,2023-06-05
317,Varanasi,Varanasi,Wheat,Dara,FAQ,2135,2275,2225,2023-06-06
424,Varanasi,Varanasi,Wheat,Dara,FAQ,2130,2300,2220,2023-06-07
43,Varanasi,Varanasi,Wheat,Dara,FAQ,2140,2250,2235,2023-06-08
319,Varanasi,Varanasi,Wheat,Dara,FAQ,2565,2645,2600,2023-06-09
354,Varanasi,Varanasi,Wheat,Dara,FAQ,2190,2320,2270,2023-06-12
634,Varanasi,Varanasi,Wheat,Dara,FAQ,2200,2635,2285,2023-06-13
362,Varanasi,Varanasi,Wheat,Dara,FAQ,2265,2345,2300,2023-06-14
407,Varanasi,Varanasi,Wheat,Dara,FAQ,2235,2340,2300,2023-06-15
161,Varanasi,Varanasi,Wheat,Dara,FAQ,2240,2345,2320,2023-06-16
726,Varanasi,Varanasi,Wheat,Dara,FAQ,2250,2375,2325,2023-06-17
181,Varanasi,Varanasi,Wheat,Dara,FAQ,2270,2350,2325,2023-06-19
512,Varanasi,Varanasi,Wheat,Dara,FAQ,2280,2375,2330,2023-06-20
417,Varanasi,Varanasi,Wheat,Dara,FAQ,2280,2360,2335,2023-06-21
56,Varanasi,Varanasi,Wheat,Dara,FAQ,2285,2365,2335,2023-06-22
108,Varanasi,Varanasi,Wheat,Dara,FAQ,2280,2375,2330,2023-06-23
343,Varanasi,Varanasi,Wheat,Dara,FAQ,2285,2370,2330,2023-06-24
597,Varanasi,Varanasi,Wheat,Dara,FAQ,2285,2385,2350,2023-06-26
390,Varanasi,Varanasi,Wheat,Dara,FAQ,2280,2400,2350,2023-06-27
220,Varanasi,Varanasi,Wheat,Dara,FAQ,2280,2400,2360,2023-06-28
584,Varanasi,Varanasi,Wheat,Dara,FAQ,2285,2390,2350,2023-06-29
651,Varanasi,Varanasi,Wheat,Dara,FAQ,2290,2400,2350,2023-06-30
729,Varanasi,Varanasi,Wheat,Dara,FAQ,2270,2360,2320,2023-07-01
131,Varanasi,Varanasi,Wheat,Dara,FAQ,2275,2365,2325,2023-07-03
594,Varanasi,Varanasi,Wheat,Dara,FAQ,2285,2350,2325,2023-07-04
209,Varanasi,Varanasi,Wheat,Dara,FAQ,2275,2380,2320,2023-07-05
711,Varanasi,Varanasi,Wheat,Dara,FAQ,2265,2375,2300,2023-07-06
441,Varanasi,Varanasi,Wheat,Dara,FAQ,2250,2375,2300,2023-07-07
504,Varanasi,Varanasi,Wheat,Dara,FAQ,2250,2345,2300,2023-07-08
686,Varanasi,Varanasi,Wheat,Dara,FAQ,2275,2360,2315,2023-07-10
123,Varanasi,Varanasi,Wheat,Dara,FAQ,2275,2360,2320,2023-07-11
697,Varanasi,Varanasi,Wheat,Dara,FAQ,2285,2425,2325,2023-07-12
291,Varanasi,Varanasi,Wheat,Dara,FAQ,2275,2350,2315,2023-07-14
698,Varanasi,Varanasi,Wheat,Dara,FAQ,2265,2340,2300,2023-07-15
477,Varanasi,Varanasi,Wheat,Dara,FAQ,2265,2340,2285,2023-07-17
76,Varanasi,Varanasi,Wheat,Dara,FAQ,2250,2345,2290,2023-07-18
573,Varanasi,Varanasi,Wheat,Dara,FAQ,2265,2335,2300,2023-07-19
638,Varanasi,Varanasi,Wheat,Dara,FAQ,2265,2375,2300,2023-07-20
79,Varanasi,Varanasi,Wheat,Dara,FAQ,2250,2335,2290,2023-07-21
475,Varanasi,Varanasi,Wheat,Dara,FAQ,2250,2365,2300,2023-07-22
12,Varanasi,Varanasi,Wheat,Dara,FAQ,2270,2360,2310,2023-07-24
519,Varanasi,Varanasi,Wheat,Dara,FAQ,2250,2365,2300,2023-07-25
583,Varanasi,Varanasi,Wheat,Dara,FAQ,2250,2340,2300,2023-07-26
163,Varanasi,Varanasi,Wheat,Dara,FAQ,2270,2350,2300,2023-07-27
310,Varanasi,Varanasi,Wheat,Dara,FAQ,2285,2350,2320,2023-07-28
683,Varanasi,Varanasi,Wheat,Dara,FAQ,2280,2350,2315,2023-07-29
383,Varanasi,Varanasi,Wheat,Dara,FAQ,2270,2340,2310,2023-07-31
631,Varanasi,Varanasi,Wheat,Dara,FAQ,2270,2350,2300,2023-08-01
677,Varanasi,Varanasi,Wheat,Dara,FAQ,2270,2360,2320,2023-08-02
329,Varanasi,Varanasi,Wheat,Dara,FAQ,2300,2385,2325,2023-08-03
496,Varanasi,Varanasi,Wheat,Dara,FAQ,2320,2385,2330,2023-08-04
447,Varanasi,Varanasi,Wheat,Dara,FAQ,2270,2360,2330,2023-08-05
716,Varanasi,Varanasi,Wheat,Dara,FAQ,2300,2365,2325,2023-08-07
647,Varanasi,Varanasi,Wheat,Dara,FAQ,2300,2355,2330,2023-08-08
624,Varanasi,Varanasi,Wheat,Dara,FAQ,2300,2375,2330,2023-08-09
549,Varanasi,Varanasi,Wheat,Dara,FAQ,2270,2360,2315,2023-08-10
105,Varanasi,Varanasi,Wheat,Dara,FAQ,2275,2375,2320,2023-08-11
39,Varanasi,Varanasi,Wheat,Dara,FAQ,2285,2350,2320,2023-08-12
228,Varanasi,Varanasi,Wheat,Dara,FAQ,2300,2375,2325,2023-08-14
524,Varanasi,Varanasi,Wheat,Dara,FAQ,2300,2360,2330,2023-08-16
706,Varanasi,Varanasi,Wheat,Dara,FAQ,2300,2360,2330,2023-08-17
655,Varanasi,Varanasi,Wheat,Dara,FAQ,2300,2385,2335,2023-08-18
360,Varanasi,Varanasi,Wheat,Dara,FAQ,2300,2365,2335,2023-08-19
90,Varanasi,Varanasi,Wheat,Dara,FAQ,2300,2400,2340,2023-08-21
99,Varanasi,Varanasi,Wheat,Dara,FAQ,2300,2370,2335,2023-08-22
568,Varanasi,Varanasi,Wheat,Dara,FAQ,2300,2365,2330,2023-08-23
592,Varanasi,Varanasi,Wheat,Dara,FAQ,2300,2375,2325,2023-08-24
349,Varanasi,Varanasi,Wheat,Dara,FAQ,2300,2385,2325,2023-08-25
719,Varanasi,Varanasi,Wheat,Dara,FAQ,2285,2345,2320,2023-08-26
193,Varanasi,Varanasi,Wheat,Dara,FAQ,2300,2375,2325,2023-08-28
103,Varanasi,Varanasi,Wheat,Dara,FAQ,2300,2365,2330,2023-08-29
381,Varanasi,Varanasi,Wheat,Dara,FAQ,2300,2365,2330,2023-08-30
612,Varanasi,Varanasi,Wheat,Dara,FAQ,2300,2370,2330,2023-09-01
672,Varanasi,Varanasi,Wheat,Dara,FAQ,2265,2350,2325,2023-09-02
87,Varanasi,Varanasi,Wheat,Dara,FAQ,2300,2350,2325,2023-09-04
98,Varanasi,Varanasi,Wheat,Dara,FAQ,2285,2360,2320,2023-09-07
68,Varanasi,Varanasi,Wheat,Dara,FAQ,2290,2365,2330,2023-09-08
186,Varanasi,Varanasi,Wheat,Dara,FAQ,2300,2375,2335,2023-09-09
453,Varanasi,Varanasi,Wheat,Dara,FAQ,2320,2400,2340,2023-09-11
389,Varanasi,Varanasi,Wheat,Dara,FAQ,2315,2400,2345,2023-09-12
154,Varanasi,Varanasi,Wheat,Dara,FAQ,2320,2400,2350,2023-09-13
434,Varanasi,Varanasi,Wheat,Dara,FAQ,2320,2415,2350,2023-09-14
620,Varanasi,Varanasi,Wheat,Dara,FAQ,2315,2425,2365,2023-09-15
236,Varanasi,Varanasi,Wheat,Dara,FAQ,2325,2400,2365,2023-09-16
625,Varanasi,Varanasi,Wheat,Dara,FAQ,2330,2400,2360,2023-09-18
462,Varanasi,Varanasi,Wheat,Dara,FAQ,2320,2400,2365,2023-09-19
63,Varanasi,Varanasi,Wheat,Dara,FAQ,2320,2400,2365,2023-09-20
251,Varanasi,Varanasi,Wheat,Dara,FAQ,2300,2385,2360,2023-09-21
60,Varanasi,Varanasi,Wheat,Dara,FAQ,2320,2400,2360,2023-09-22
552,Varanasi,Varanasi,Wheat,Dara,FAQ,2315,2400,2365,2023-09-23
78,Varanasi,Varanasi,Wheat,Dara,FAQ,2340,2425,2370,2023-09-25
115,Varanasi,Varanasi,Wheat,Dara,FAQ,2350,2415,2375,2023-09-26
204,Varanasi,Varanasi,Wheat,Dara,FAQ,2340,2425,2375,2023-09-27
505,Varanasi,Varanasi,Wheat,Dara,FAQ,2335,2420,2370,2023-09-28
459,Varanasi,Varanasi,Wheat,Dara,FAQ,2340,2435,2370,2023-09-29
437,Varanasi,Varanasi,Wheat,Dara,FAQ,2340,2410,2375,2023-09-30
708,Varanasi,Varanasi,Wheat,Dara,FAQ,2340,2415,2370,2023-10-02
660,Varanasi,Varanasi,Wheat,Dara,FAQ,2340,2425,2370,2023-10-03
507,Varanasi,Varanasi,Wheat,Dara,FAQ,2345,2425,2370,2023-10-04
156,Varanasi,Varanasi,Wheat,Dara,FAQ,2340,2435,2375,2023-10-05
372,Varanasi,Varanasi,Wheat,Dara,FAQ,2345,2430,2380,2023-10-06
297,Varanasi,Varanasi,Wheat,Dara,FAQ,2350,2435,2375,2023-10-07
678,Varanasi,Varanasi,Wheat,Dara,FAQ,2350,2450,2385,2023-10-10
450,Varanasi,Varanasi,Wheat,Dara,FAQ,2345,2425,2385,2023-10-11
576,Varanasi,Varanasi,Wheat,Dara,FAQ,2345,2425,2380,2023-10-12
75,Varanasi,Varanasi,Wheat,Dara,FAQ,2340,2425,2375,2023-10-13
448,Varanasi,Varanasi,Wheat,Dara,FAQ,2350,2425,2375,2023-10-14
585,Varanasi,Varanasi,Wheat,Dara,FAQ,2345,2425,2370,2023-10-16
267,Varanasi,Varanasi,Wheat,Dara,FAQ,2340,2425,2380,2023-10-17
203,Varanasi,Varanasi,Wheat,Dara,FAQ,2330,2420,2380,2023-10-18
237,Varanasi,Varanasi,Wheat,Dara,FAQ,2355,2425,2385,2023-10-19
356,Varanasi,Varanasi,Wheat,Dara,FAQ,2350,2425,2390,2023-10-20
339,Varanasi,Varanasi,Wheat,Dara,FAQ,2345,2425,2390,2023-10-21
486,Varanasi,Varanasi,Wheat,Dara,FAQ,2340,2425,2380,2023-10-25
66,Varanasi,Varanasi,Wheat,Dara,FAQ,2340,2435,2380,2023-10-26
411,Varanasi,Varanasi,Wheat,Dara,FAQ,2340,2430,2375,2023-10-27
318,Varanasi,Varanasi,Wheat,Dara,FAQ,2340,2430,2370,2023-10-28
635,Varanasi,Varanasi,Wheat,Dara,FAQ,2350,2425,2370,2023-10-30
397,Varanasi,Varanasi,Wheat,Dara,FAQ,2350,2435,2375,2023-10-31
134,Varanasi,Varanasi,Wheat,Dara,FAQ,2350,2445,2385,2023-11-01
16,Varanasi,Varanasi,Wheat,Dara,FAQ,2340,2435,2380,2023-11-02
687,Varanasi,Varanasi,Wheat,Dara,FAQ,2340,2425,2380,2023-11-03
363,Varanasi,Varanasi,Wheat,Dara,FAQ,2340,2435,2380,2023-11-04
700,Varanasi,Varanasi,Wheat,Dara,FAQ,2340,2420,2385,2023-11-06
71,Varanasi,Varanasi,Wheat,Dara,FAQ,2340,2465,2380,2023-11-08
611,Varanasi,Varanasi,Wheat,Dara,FAQ,2350,2460,2390,2023-11-09
609,Varanasi,Varanasi,Wheat,Dara,FAQ,2345,2465,2390,2023-11-10
556,Varanasi,Varanasi,Wheat,Dara,FAQ,2370,2465,2400,2023-11-14
610,Varanasi,Varanasi,Wheat,Dara,FAQ,2370,2450,2400,2023-11-15
391,Varanasi,Varanasi,Wheat,Dara,FAQ,2340,2450,2385,2023-11-16
454,Varanasi,Varanasi,Wheat,Dara,FAQ,2365,2450,2390,2023-11-17
135,Varanasi,Varanasi,Wheat,Dara,FAQ,2350,2435,2390,2023-11-18
312,Varanasi,Varanasi,Wheat,Dara,FAQ,2350,2435,2385,2023-11-20
439,Varanasi,Varanasi,Wheat,Dara,FAQ,2350,2440,2400,2023-11-22
531,Varanasi,Varanasi,Wheat,Dara,FAQ,2350,2440,2390,2023-11-23
598,Varanasi,Varanasi,Wheat,Dara,FAQ,2350,2440,2395,2023-11-24
385,Varanasi,Varanasi,Wheat,Dara,FAQ,2350,2440,2400,2023-11-25
80,Varanasi,Varanasi,Wheat,Dara,FAQ,2370,2500,2410,2023-11-26
618,Varanasi,Varanasi,Wheat,Dara,FAQ,2370,2500,2410,2023-11-27
494,Varanasi,Varanasi,Wheat,Dara,FAQ,2345,2435,2390,2023-11-29
432,Varanasi,Varanasi,Wheat,Dara,FAQ,2375,2470,2430,2023-12-01
120,Varanasi,Varanasi,Wheat,Dara,FAQ,2400,2475,2435,2023-12-02
195,Varanasi,Varanasi,Wheat,Dara,FAQ,2420,2490,2440,2023-12-04
379,Varanasi,Varanasi,Wheat,Dara,FAQ,2425,2500,2445,2023-12-06
368,Varanasi,Varanasi,Wheat,Dara,FAQ,2400,2485,2450,2023-12-07
488,Varanasi,Varanasi,Wheat,Dara,FAQ,2440,2525,2475,2023-12-08
301,Varanasi,Varanasi,Wheat,Dara,FAQ,2440,2525,2480,2023-12-09
418,Varanasi,Varanasi,Wheat,Dara,FAQ,2440,2520,2485,2023-12-11
446,Varanasi,Varanasi,Wheat,Dara,FAQ,2450,2525,2490,2023-12-12
419,Varanasi,Varanasi,Wheat,Dara,FAQ,2465,2550,2500,2023-12-13
347,Varanasi,Varanasi,Wheat,Dara,FAQ,2475,2585,2515,2023-12-14
676,Varanasi,Varanasi,Wheat,Dara,FAQ,2490,2575,2530,2023-12-15
622,Varanasi,Varanasi,Wheat,Dara,FAQ,2470,2550,2515,2023-12-16
464,Varanasi,Varanasi,Wheat,Dara,FAQ,2465,2565,2510,2023-12-19
280,Varanasi,Varanasi,Wheat,Dara,FAQ,2465,2550,2510,2023-12-20
449,Varanasi,Varanasi,Wheat,Dara,FAQ,2470,2550,2520,2023-12-21
649,Varanasi,Varanasi,Wheat,Dara,FAQ,2465,2550,2520,2023-12-22
248,Varanasi,Varanasi,Wheat,Dara,FAQ,2470,2565,2515,2023-12-23
257,Varanasi,Varanasi,Wheat,Dara,FAQ,2450,2570,2520,2023-12-26
328,Varanasi,Varanasi,Wheat,Dara,FAQ,2485,2545,2515,2023-12-27
62,Varanasi,Varanasi,Wheat,Dara,FAQ,2480,2565,2515,2023-12-28
671,Varanasi,Varanasi,Wheat,Dara,FAQ,2475,2565,2510,2023-12-29
645,Varanasi,Varanasi,Wheat,Dara,FAQ,2470,2545,2515,2023-12-30
461,Varanasi,Varanasi,Wheat,Dara,FAQ,2450,2550,2510,2024-01-01
718,Varanasi,Varanasi,Wheat,Dara,FAQ,2485,2550,2515,2024-01-02
704,Varanasi,Varanasi,Wheat,Dara,FAQ,2470,2550,2515,2024-01-03
369,Varanasi,Varanasi,Wheat,Dara,FAQ,2465,2550,2520,2024-01-04
49,Varanasi,Varanasi,Wheat,Dara,FAQ,2500,2575,2550,2024-01-05
300,Varanasi,Varanasi,Wheat,Dara,FAQ,2475,2565,2515,2024-01-06
281,Varanasi,Varanasi,Wheat,Dara,FAQ,2450,2565,2520,2024-01-08
701,Varanasi,Varanasi,Wheat,Dara,FAQ,2470,2550,2520,2024-01-10
692,Varanasi,Varanasi,Wheat,Dara,FAQ,2500,2565,2525,2024-01-11
491,Varanasi,Varanasi,Wheat,Dara,FAQ,2485,2575,2530,2024-01-12
731,Varanasi,Varanasi,Wheat,Dara,FAQ,2500,2585,2535,2024-01-13
125,Varanasi,Varanasi,Wheat,Dara,FAQ,2470,2560,2535,2024-01-15
273,Varanasi,Varanasi,Wheat,Dara,FAQ,2470,2565,2520,2024-01-16
96,Varanasi,Varanasi,Wheat,Dara,FAQ,2470,2550,2520,2024-01-17
398,Varanasi,Varanasi,Wheat,Dara,FAQ,2485,2565,2525,2024-01-18
112,Varanasi,Varanasi,Wheat,Dara,FAQ,2470,2550,2520,2024-01-19
564,Varanasi,Varanasi,Wheat,Dara,FAQ,2500,2565,2535,2024-01-20
526,Varanasi,Varanasi,Wheat,Dara,FAQ,2520,2600,2535,2024-01-23
661,Varanasi,Varanasi,Wheat,Dara,FAQ,2500,2565,2535,2024-01-24
205,Varanasi,Varanasi,Wheat,Dara,FAQ,2475,2550,2520,2024-01-25
15,Varanasi,Varanasi,Wheat,Dara,FAQ,2470,2550,2520,2024-01-27
722,Varanasi,Varanasi,Wheat,Dara,FAQ,2470,2565,2525,2024-01-29
116,Varanasi,Varanasi,Wheat,Dara,FAQ,2500,2570,2530,2024-01-30
119,Varanasi,Varanasi,Wheat,Dara,FAQ,2500,2575,2525,2024-01-31
159,Varanasi,Varanasi,Wheat,Dara,FAQ,2500,2585,2525,2024-02-01
348,Varanasi,Varanasi,Wheat,Dara,FAQ,2520,2625,2560,2024-02-02
506,Varanasi,Varanasi,Wheat,Dara,FAQ,2500,2585,2550,2024-02-03
533,Varanasi,Varanasi,Wheat,Dara,FAQ,2470,2585,2530,2024-02-05
457,Varanasi,Varanasi,Wheat,Dara,FAQ,2500,2575,2535,2024-02-06
202,Varanasi,Varanasi,Wheat,Dara,FAQ,2500,2575,2535,2024-02-07
358,Varanasi,Varanasi,Wheat,Dara,FAQ,2500,2575,2535,2024-02-08
714,Varanasi,Varanasi,Wheat,Dara,FAQ,2500,2575,2540,2024-02-09
320,Varanasi,Varanasi,Wheat,Dara,FAQ,2515,2600,2550,2024-02-10
171,Varanasi,Varanasi,Wheat,Dara,FAQ,2500,2585,2550,2024-02-11
314,Varanasi,Varanasi,Wheat,Dara,FAQ,2500,2590,2550,2024-02-12
77,Varanasi,Varanasi,Wheat,Dara,FAQ,2525,2600,2565,2024-02-13
720,Varanasi,Varanasi,Wheat,Dara,FAQ,2525,2640,2570,2024-02-14
521,Varanasi,Varanasi,Wheat,Dara,FAQ,2540,2625,2575,2024-02-15
187,Varanasi,Varanasi,Wheat,Dara,FAQ,2540,2625,2575,2024-02-16
637,Varanasi,Varanasi,Wheat,Dara,FAQ,2540,2620,2580,2024-02-17
557,Varanasi,Varanasi,Wheat,Dara,FAQ,2540,2635,2580,2024-02-19
321,Varanasi,Varanasi,Wheat,Dara,FAQ,2640,2725,2680,2024-02-20
330,Varanasi,Varanasi,Wheat,Dara,FAQ,2550,2635,2585,2024-02-21
160,Varanasi,Varanasi,Wheat,Dara,FAQ,2550,2635,2590,2024-02-22
152,Varanasi,Varanasi,Wheat,Dara,FAQ,2520,2600,2550,2024-02-23
412,Varanasi,Varanasi,Wheat,Dara,FAQ,2520,2600,2555,2024-02-24
245,Varanasi,Varanasi,Wheat,Dara,FAQ,2520,2650,2560,2024-02-27
540,Varanasi,Varanasi,Wheat,Dara,FAQ,2540,2635,2560,2024-02-28
509,Varanasi,Varanasi,Wheat,Dara,FAQ,2480,2550,2520,2024-02-29
110,Varanasi,Varanasi,Wheat,Dara,FAQ,2670,2745,2695,2024-03-01
32,Varanasi,Varanasi,Wheat,Dara,FAQ,2580,2650,2620,2024-03-02
679,Varanasi,Varanasi,Wheat,Dara,FAQ,2470,2550,2520,2024-03-05
346,Varanasi,Varanasi,Wheat,Dara,FAQ,2465,2550,2525,2024-03-06
662,Varanasi,Varanasi,Wheat,Dara,FAQ,2450,2545,2510,2024-03-08
602,Varanasi,Varanasi,Wheat,Dara,FAQ,2470,2535,2500,2024-03-09
542,Varanasi,Varanasi,Wheat,Dara,FAQ,2450,2535,2490,2024-03-11
95,Varanasi,Varanasi,Wheat,Dara,FAQ,2420,2500,2460,2024-03-12
124,Varanasi,Varanasi,Wheat,Dara,FAQ,2385,2475,2425,2024-03-13
604,Varanasi,Varanasi,Wheat,Dara,FAQ,2400,2485,2425,2024-03-14
596,Varanasi,Varanasi,Wheat,Dara,FAQ,2385,2450,2415,2024-03-15
717,Varanasi,Varanasi,Wheat,Dara,FAQ,2375,2450,2420,2024-03-16
562,Varanasi,Varanasi,Wheat,Dara,FAQ,2370,2450,2420,2024-03-18
654,Varanasi,Varanasi,Wheat,Dara,FAQ,2380,2450,2425,2024-03-19
629,Varanasi,Varanasi,Wheat,Dara,FAQ,2370,2475,2425,2024-03-20
172,Varanasi,Varanasi,Wheat,Dara,FAQ,2370,2450,2420,2024-03-21
627,Varanasi,Varanasi,Wheat,Dara,FAQ,2380,2475,2425,2024-03-22
538,Varanasi,Varanasi,Wheat,Dara,FAQ,2400,2480,2440,2024-03-23
177,Varanasi,Varanasi,Wheat,Dara,FAQ,2400,2485,2440,2024-03-27
214,Varanasi,Varanasi,Wheat,Dara,FAQ,2440,2500,2465,2024-03-29
52,Varanasi,Varanasi,Wheat,Dara,FAQ,2425,2500,2465,2024-03-30
243,Varanasi,Varanasi,Wheat,Dara,FAQ,2385,2475,2450,2024-04-01
402,Varanasi,Varanasi,Wheat,Dara,FAQ,2415,2500,2450,2024-04-02
480,Varanasi,Varanasi,Wheat,Dara,FAQ,2400,2450,2435,2024-04-03
414,Varanasi,Varanasi,Wheat,Dara,FAQ,2385,2460,2435,2024-04-04
732,Varanasi,Varanasi,Wheat,Dara,FAQ,2350,2435,2400,2024-04-05
344,Varanasi,Varanasi,Wheat,Dara,FAQ,2340,2445,2380,2024-04-06
33,Varanasi,Varanasi,Wheat,Dara,FAQ,2275,2375,2350,2024-04-08
712,Varanasi,Varanasi,Wheat,Dara,FAQ,2275,2425,2370,2024-04-09
59,Varanasi,Varanasi,Wheat,Dara,FAQ,2275,2385,2350,2024-04-10
548,Varanasi,Varanasi,Wheat,Dara,FAQ,2275,2385,2350,2024-04-11
520,Varanasi,Varanasi,Wheat,Dara,FAQ,2275,2380,2365,2024-04-12
591,Varanasi,Varanasi,Wheat,Dara,FAQ,2275,2385,2360,2024-04-13
451,Varanasi,Varanasi,Wheat,Dara,FAQ,2275,2385,2350,2024-04-15
285,Varanasi,Varanasi,Wheat,Dara,FAQ,2275,2375,2345,2024-04-16
535,Varanasi,Varanasi,Wheat,Dara,FAQ,2280,2390,2350,2024-04-18
250,Varanasi,Varanasi,Wheat,Dara,FAQ,2275,2385,2350,2024-04-19
142,Varanasi,Varanasi,Wheat,Dara,FAQ,2275,2400,2335,2024-04-20
514,Varanasi,Varanasi,Wheat,Dara,FAQ,2275,2365,2330,2024-04-22
229,Varanasi,Varanasi,Wheat,Dara,FAQ,2275,2365,2330,2024-04-23
210,Varanasi,Varanasi,Wheat,Dara,FAQ,2275,2400,2320,2024-04-24
169,Varanasi,Varanasi,Wheat,Dara,FAQ,2275,2400,2340,2024-04-25
325,Varanasi,Varanasi,Wheat,Dara,FAQ,2275,2375,2335,2024-04-26
232,Varanasi,Varanasi,Wheat,Dara,FAQ,2275,2390,2345,2024-04-27
8,Varanasi,Varanasi,Wheat,Dara,FAQ,2275,2375,2340,2024-04-29
641,Varanasi,Varanasi,Wheat,Dara,FAQ,2275,2370,2340,2024-05-02
86,Varanasi,Varanasi,Wheat,Dara,FAQ,2275,2365,2330,2024-05-03
296,Varanasi,Varanasi,Wheat,Dara,FAQ,2275,2385,2350,2024-05-04
74,Varanasi,Varanasi,Wheat,Dara,FAQ,2275,2415,2350,2024-05-06
292,Varanasi,Varanasi,Wheat,Dara,FAQ,2275,2420,2360,2024-05-07
433,Varanasi,Varanasi,Wheat,Dara,FAQ,2275,2385,2350,2024-05-08
282,Varanasi,Varanasi,Wheat,Dara,FAQ,2275,2385,2350,2024-05-09
227,Varanasi,Varanasi,Wheat,Dara,FAQ,2275,2385,2355,2024-05-10
456,Varanasi,Varanasi,Wheat,Dara,FAQ,2275,2385,2340,2024-05-11
198,Varanasi,Varanasi,Wheat,Dara,FAQ,2275,2385,2330,2024-05-13
499,Varanasi,Varanasi,Wheat,Dara,FAQ,2275,2365,2335,2024-05-14
357,Varanasi,Varanasi,Wheat,Dara,FAQ,2275,2365,2335,2024-05-15
551,Varanasi,Varanasi,Wheat,Dara,FAQ,2275,2385,2340,2024-05-16
656,Varanasi,Varanasi,Wheat,Dara,FAQ,2280,2365,2335,2024-05-17
479,Varanasi,Varanasi,Wheat,Dara,FAQ,2275,2375,2335,2024-05-18
167,Varanasi,Varanasi,Wheat,Dara,FAQ,2280,2385,2340,2024-05-20
681,Varanasi,Varanasi,Wheat,Dara,FAQ,2275,2375,2340,2024-05-21
322,Varanasi,Varanasi,Wheat,Dara,FAQ,2275,2370,2325,2024-05-22
147,Varanasi,Varanasi,Wheat,Dara,FAQ,2275,2375,2320,2024-05-23
278,Varanasi,Varanasi,Wheat,Dara,FAQ,2275,2400,2330,2024-05-24
178,Varanasi,Varanasi,Wheat,Dara,FAQ,2275,2385,2340,2024-05-25
580,Varanasi,Varanasi,Wheat,Dara,FAQ,2275,2385,2340,2024-05-27
274,Varanasi,Varanasi,Wheat,Dara,FAQ,2275,2400,2340,2024-05-28
188,Varanasi,Varanasi,Wheat,Dara,FAQ,2275,2400,2340,2024-05-30
561,Varanasi,Varanasi,Wheat,Dara,FAQ,2275,2435,2375,2024-06-03
224,Varanasi,Varanasi,Wheat,Dara,FAQ,2275,2420,2375,2024-06-04
586,Varanasi,Varanasi,Wheat,Dara,FAQ,2275,2425,2380,2024-06-05
143,Varanasi,Varanasi,Wheat,Dara,FAQ,2275,2425,2385,2024-06-07
736,Varanasi,Varanasi,Wheat,Dara,FAQ,2280,2425,2390,2024-06-10
487,Varanasi,Varanasi,Wheat,Dara,FAQ,2280,2425,2380,2024-06-11
241,Varanasi,Varanasi,Wheat,Dara,FAQ,2285,2425,2390,2024-06-12
308,Varanasi,Varanasi,Wheat,Dara,FAQ,2275,2425,2390,2024-06-13
190,Varanasi,Varanasi,Wheat,Dara,FAQ,2275,2420,2380,2024-06-14
713,Varanasi,Varanasi,Wheat,Dara,FAQ,2275,2450,2380,2024-06-17
107,Varanasi,Varanasi,Wheat,Dara,FAQ,2280,2415,2385,2024-06-18
474,Varanasi,Varanasi,Wheat,Dara,FAQ,2275,2400,2380,2024-06-19
150,Varanasi,Varanasi,Wheat,Dara,FAQ,2275,2415,2375,2024-06-20
111,Varanasi,Varanasi,Wheat,Dara,FAQ,2278,2415,2385,2024-06-21
28,Varanasi,Varanasi,Wheat,Dara,FAQ,2275,2435,2380,2024-06-22
386,Varanasi,Varanasi,Wheat,Dara,FAQ,2275,2400,2370,2024-06-24
94,Varanasi,Varanasi,Wheat,Dara,FAQ,2350,2490,2450,2024-06-25
721,Varanasi,Varanasi,Wheat,Dara,FAQ,2370,2500,2465,2024-06-26
129,Varanasi,Varanasi,Wheat,Dara,FAQ,2380,2515,2465,2024-06-27
69,Varanasi,Varanasi,Wheat,Dara,FAQ,2400,2490,2430,2024-06-28
149,Varanasi,Varanasi,Wheat,Dara,FAQ,2380,2465,2430,2024-07-01
707,Varanasi,Varanasi,Wheat,Dara,FAQ,2370,2465,2420,2024-07-02
544,Varanasi,Varanasi,Wheat,Dara,FAQ,2350,2450,2410,2024-07-03
572,Varanasi,Varanasi,Wheat,Dara,FAQ,2370,2465,2420,2024-07-04
286,Varanasi,Varanasi,Wheat,Dara,FAQ,2380,2485,2425,2024-07-05
31,Varanasi,Varanasi,Wheat,Dara,FAQ,2385,2475,2435,2024-07-06
501,Varanasi,Varanasi,Wheat,Dara,FAQ,2400,2490,2440,2024-07-08
703,Varanasi,Varanasi,Wheat,Dara,FAQ,2390,2485,2440,2024-07-09
365,Varanasi,Varanasi,Wheat,Dara,FAQ,2400,2500,2435,2024-07-10
725,Varanasi,Varanasi,Wheat,Dara,FAQ,2415,2500,2440,2024-07-11
45,Varanasi,Varanasi,Wheat,Dara,FAQ,2375,2465,2430,2024-07-12
465,Varanasi,Varanasi,Wheat,Dara,FAQ,2400,2485,2440,2024-07-13
497,Varanasi,Varanasi,Wheat,Dara,FAQ,2400,2490,2440,2024-07-15
702,Varanasi,Varanasi,Wheat,Dara,FAQ,2400,2485,2435,2024-07-16
270,Varanasi,Varanasi,Wheat,Dara,FAQ,2400,2500,2435,2024-07-17
20,Varanasi,Varanasi,Wheat,Dara,FAQ,2400,2485,2435,2024-07-18
10,Varanasi,Varanasi,Wheat,Dara,FAQ,2400,2485,2440,2024-07-19
5,Varanasi,Varanasi,Wheat,Dara,FAQ,2415,2500,2450,2024-07-20
82,Varanasi,Varanasi,Wheat,Dara,FAQ,2400,2500,2465,2024-07-22
582,Varanasi,Varanasi,Wheat,Dara,FAQ,2435,2515,2475,2024-07-23
653,Varanasi,Varanasi,Wheat,Dara,FAQ,2400,2515,2475,2024-07-24
18,Varanasi,Varanasi,Wheat,Dara,FAQ,2425,2530,2470,2024-07-25
53,Varanasi,Varanasi,Wheat,Dara,FAQ,2435,2500,2470,2024-07-26
305,Varanasi,Varanasi,Wheat,Dara,FAQ,2420,2500,2465,2024-07-27
693,Varanasi,Varanasi,Wheat,Dara,FAQ,2440,2535,2470,2024-07-29
262,Varanasi,Varanasi,Wheat,Dara,FAQ,2440,2525,2470,2024-07-30
29,Varanasi,Varanasi,Wheat,Dara,FAQ,2440,2550,2475,2024-07-31
276,Varanasi,Varanasi,Wheat,Dara,FAQ,2450,2525,2470,2024-08-01
170,Varanasi,Varanasi,Wheat,Dara,FAQ,2425,2500,2460,2024-08-05
283,Varanasi,Varanasi,Wheat,Dara,FAQ,2445,2520,2470,2024-08-06
384,Varanasi,Varanasi,Wheat,Dara,FAQ,2435,2515,2470,2024-08-07
578,Varanasi,Varanasi,Wheat,Dara,FAQ,2450,2525,2475,2024-08-08
126,Varanasi,Varanasi,Wheat,Dara,FAQ,2440,2525,2470,2024-08-09
151,Varanasi,Varanasi,Wheat,Dara,FAQ,2440,2525,2470,2024-08-10
690,Varanasi,Varanasi,Wheat,Dara,FAQ,2425,2550,2475,2024-08-12
458,Varanasi,Varanasi,Wheat,Dara,FAQ,2425,2515,2475,2024-08-13
211,Varanasi,Varanasi,Wheat,Dara,FAQ,2440,2520,2470,2024-08-14
543,Varanasi,Varanasi,Wheat,Dara,FAQ,2440,2520,2470,2024-08-16
37,Varanasi,Varanasi,Wheat,Dara,FAQ,2435,2525,2480,2024-08-17
689,Varanasi,Varanasi,Wheat,Dara,FAQ,2440,2515,2480,2024-08-19
345,Varanasi,Varanasi,Wheat,Dara,FAQ,2425,2535,2485,2024-08-20
54,Varanasi,Varanasi,Wheat,Dara,FAQ,2440,2525,2490,2024-08-21
139,Varanasi,Varanasi,Wheat,Dara,FAQ,2465,2535,2490,2024-08-22
268,Varanasi,Varanasi,Wheat,Dara,FAQ,2445,2515,2485,2024-08-23
431,Varanasi,Varanasi,Wheat,Dara,FAQ,2465,2535,2500,2024-08-24
600,Varanasi,Varanasi,Wheat,Dara,FAQ,2470,2550,2500,2024-08-26
35,Varanasi,Varanasi,Wheat,Dara,FAQ,2470,2560,2515,2024-08-27
590,Varanasi,Varanasi,Wheat,Dara,FAQ,2470,2550,2510,2024-08-28
560,Varanasi,Varanasi,Wheat,Dara,FAQ,2470,2550,2500,2024-08-29
238,Varanasi,Varanasi,Wheat,Dara,FAQ,2475,2550,2520,2024-08-30
547,Varanasi,Varanasi,Wheat,Dara,FAQ,2470,2550,2515,2024-08-31
303,Varanasi,Varanasi,Wheat,Dara,FAQ,2490,2575,2525,2024-09-03
498,Varanasi,Varanasi,Wheat,Dara,FAQ,2475,2585,2525,2024-09-04
140,Varanasi,Varanasi,Wheat,Dara,FAQ,2515,2575,2535,2024-09-07
271,Varanasi,Varanasi,Wheat,Dara,FAQ,2240,2350,2300,2024-09-08
550,Varanasi,Varanasi,Wheat,Dara,FAQ,2500,2565,2535,2024-09-09
429,Varanasi,Varanasi,Wheat,Dara,FAQ,2500,2585,2540,2024-09-10
46,Varanasi,Varanasi,Wheat,Dara,FAQ,2515,2600,2545,2024-09-11
495,Varanasi,Varanasi,Wheat,Dara,FAQ,2500,2590,2545,2024-09-12
569,Varanasi,Varanasi,Wheat,Dara,FAQ,2485,2565,2530,2024-09-13
646,Varanasi,Varanasi,Wheat,Dara,FAQ,2480,2565,2530,2024-09-16
67,Varanasi,Varanasi,Wheat,Dara,FAQ,2485,2565,2530,2024-09-17
40,Varanasi,Varanasi,Wheat,Dara,FAQ,2475,2565,2525,2024-09-18
500,Varanasi,Varanasi,Wheat,Dara,FAQ,2470,2575,2525,2024-09-19
299,Varanasi,Varanasi,Wheat,Dara,FAQ,2475,2570,2530,2024-09-20
632,Varanasi,Varanasi,Wheat,Dara,FAQ,2480,2565,2535,2024-09-21
659,Varanasi,Varanasi,Wheat,Dara,FAQ,2485,2560,2535,2024-09-23
553,Varanasi,Varanasi,Wheat,Dara,FAQ,2500,2575,2530,2024-09-24
472,Varanasi,Varanasi,Wheat,Dara,FAQ,2520,2600,2540,2024-09-25
575,Varanasi,Varanasi,Wheat,Dara,FAQ,2510,2600,2550,2024-09-26
442,Varanasi,Varanasi,Wheat,Dara,FAQ,2520,2600,2560,2024-09-27
502,Varanasi,Varanasi,Wheat,Dara,FAQ,2530,2600,2555,2024-09-28
225,Varanasi,Varanasi,Wheat,Dara,FAQ,2515,2600,2565,2024-09-30
478,Varanasi,Varanasi,Wheat,Dara,FAQ,2535,2600,2580,2024-10-03
403,Varanasi,Varanasi,Wheat,Dara,FAQ,2565,2630,2600,2024-10-04
355,Varanasi,Varanasi,Wheat,Dara,FAQ,2565,2635,2600,2024-10-05
567,Varanasi,Varanasi,Wheat,Dara,FAQ,2585,2670,2625,2024-10-07
272,Varanasi,Varanasi,Wheat,Dara,FAQ,2600,2685,2635,2024-10-08
515,Varanasi,Varanasi,Wheat,Dara,FAQ,2600,2685,2650,2024-10-09
275,Varanasi,Varanasi,Wheat,Dara,FAQ,2615,2700,2665,2024-10-11
334,Varanasi,Varanasi,Wheat,Dara,FAQ,2640,2735,2670,2024-10-12
422,Varanasi,Varanasi,Wheat,Dara,FAQ,2600,2700,2665,2024-10-14
443,Varanasi,Varanasi,Wheat,Dara,FAQ,2640,2700,2675,2024-10-15
570,Varanasi,Varanasi,Wheat,Dara,FAQ,2645,2720,2685,2024-10-16
455,Varanasi,Varanasi,Wheat,Dara,FAQ,2645,2715,2685,2024-10-17
541,Varanasi,Varanasi,Wheat,Dara,FAQ,2640,2720,2690,2024-10-18
558,Varanasi,Varanasi,Wheat,Dara,FAQ,2645,2725,2690,2024-10-19
101,Varanasi,Varanasi,Wheat,Dara,FAQ,2665,2735,2685,2024-10-21
208,Varanasi,Varanasi,Wheat,Dara,FAQ,2645,2725,2690,2024-10-22
400,Varanasi,Varanasi,Wheat,Dara,FAQ,2645,2750,2700,2024-10-24
183,Varanasi,Varanasi,Wheat,Dara,FAQ,2650,2735,2715,2024-10-25
302,Varanasi,Varanasi,Wheat,Dara,FAQ,2685,2750,2725,2024-10-26
91,Varanasi,Varanasi,Wheat,Dara,FAQ,2680,2775,2725,2024-10-28
581,Varanasi,Varanasi,Wheat,Dara,FAQ,3515,3600,3550,2024-10-29
55,Varanasi,Varanasi,Wheat,Dara,FAQ,2700,2785,2740,2024-10-30
682,Varanasi,Varanasi,Wheat,Dara,FAQ,2720,2800,2750,2024-11-02
81,Varanasi,Varanasi,Wheat,Dara,FAQ,3230,3300,3265,2024-11-04
117,Varanasi,Varanasi,Wheat,Dara,FAQ,2735,2820,2760,2024-11-05
221,Varanasi,Varanasi,Wheat,Dara,FAQ,2715,2800,2765,2024-11-07
522,Varanasi,Varanasi,Wheat,Dara,FAQ,2720,2800,2760,2024-11-08
19,Varanasi,Varanasi,Wheat,Dara,FAQ,2700,2785,2750,2024-11-09
614,Varanasi,Varanasi,Wheat,Dara,FAQ,2715,2800,2765,2024-11-13
22,Varanasi,Varanasi,Wheat,Dara,FAQ,2735,2815,2775,2024-11-14
307,Varanasi,Varanasi,Wheat,Dara,FAQ,2740,2935,2780,2024-11-18
196,Varanasi,Varanasi,Wheat,Dara,FAQ,2740,2835,2785,2024-11-19
484,Varanasi,Varanasi,Wheat,Dara,FAQ,2750,2835,2780,2024-11-20
545,Varanasi,Varanasi,Wheat,Dara,FAQ,2750,2815,2785,2024-11-21
508,Varanasi,Varanasi,Wheat,Dara,FAQ,2745,2850,2790,2024-11-22
24,Varanasi,Varanasi,Wheat,Dara,FAQ,2745,2865,2795,2024-11-23
476,Varanasi,Varanasi,Wheat,Dara,FAQ,2745,2865,2790,2024-11-25
571,Varanasi,Varanasi,Wheat,Dara,FAQ,2740,2850,2785,2024-11-26
710,Varanasi,Varanasi,Wheat,Dara,FAQ,2715,2850,2785,2024-11-27
469,Varanasi,Varanasi,Wheat,Dara,FAQ,2740,2875,2800,2024-11-29
413,Varanasi,Varanasi,Wheat,Dara,FAQ,3075,3200,3125,2024-11-30
277,Varanasi,Varanasi,Wheat,Dara,FAQ,2750,2835,2800,2024-12-02
489,Varanasi,Varanasi,Wheat,Dara,FAQ,3100,3185,3140,2024-12-03
306,Varanasi,Varanasi,Wheat,Dara,FAQ,2750,2865,2810,2024-12-04
333,Varanasi,Varanasi,Wheat,Dara,FAQ,2750,2865,2800,2024-12-05
523,Varanasi,Varanasi,Wheat,Dara,FAQ,2750,2875,2815,2024-12-06
14,Varanasi,Varanasi,Wheat,Dara,FAQ,2770,2865,2815,2024-12-09
298,Varanasi,Varanasi,Wheat,Dara,FAQ,2775,2865,2815,2024-12-10
420,Varanasi,Varanasi,Wheat,Dara,FAQ,2765,2835,2800,2024-12-12
145,Varanasi,Varanasi,Wheat,Dara,FAQ,2740,2865,2800,2024-12-13
13,Varanasi,Varanasi,Wheat,Dara,FAQ,2765,2840,2815,2024-12-16
141,Varanasi,Varanasi,Wheat,Dara,FAQ,2750,2845,2810,2024-12-17
335,Varanasi,Varanasi,Wheat,Dara,FAQ,2765,2845,2800,2024-12-18
616,Varanasi,Varanasi,Wheat,Dara,FAQ,2765,2865,2810,2024-12-20
684,Varanasi,Varanasi,Wheat,Dara,FAQ,2765,2835,2800,2024-12-21
234,Varanasi,Varanasi,Wheat,Dara,FAQ,2745,2865,2800,2024-12-22
615,Varanasi,Varanasi,Wheat,Dara,FAQ,2750,2845,2800,2024-12-23
423,Varanasi,Varanasi,Wheat,Dara,FAQ,2780,2850,2815,2024-12-24
530,Varanasi,Varanasi,Wheat,Dara,FAQ,2825,2900,2850,2024-12-25
359,Varanasi,Varanasi,Wheat,Dara,FAQ,2830,2900,2860,2024-12-26
406,Varanasi,Varanasi,Wheat,Dara,FAQ,2830,2900,2865,2024-12-27
279,Varanasi,Varanasi,Wheat,Dara,FAQ,2835,2915,2870,2024-12-28
737,Varanasi,Varanasi,Wheat,Dara,FAQ,2840,2950,2870,2024-12-30
3,Varanasi,Varanasi,Wheat,Dara,FAQ,2850,2915,2875,2024-12-31
216,Varanasi,Varanasi,Wheat,Dara,FAQ,2840,2915,2875,2025-01-01
342,Varanasi,Varanasi,Wheat,Dara,FAQ,2850,2915,2880,2025-01-02
21,Varanasi,Varanasi,Wheat,Dara,FAQ,2840,2915,2885,2025-01-03
127,Varanasi,Varanasi,Wheat,Dara,FAQ,2865,2935,2890,2025-01-04
153,Varanasi,Varanasi,Wheat,Dara,FAQ,2840,2915,2875,2025-01-06
468,Varanasi,Varanasi,Wheat,Dara,FAQ,2835,2915,2875,2025-01-07
88,Varanasi,Varanasi,Wheat,Dara,FAQ,2850,2925,2885,2025-01-08
376,Varanasi,Varanasi,Wheat,Dara,FAQ,2840,2965,2885,2025-01-09
213,Varanasi,Varanasi,Wheat,Dara,FAQ,2850,2915,2890,2025-01-10
70,Varanasi,Varanasi,Wheat,Dara,FAQ,2845,2915,2880,2025-01-11
511,Varanasi,Varanasi,Wheat,Dara,FAQ,2845,2915,2875,2025-01-13
44,Varanasi,Varanasi,Wheat,Dara,FAQ,2840,2915,2885,2025-01-14
182,Varanasi,Varanasi,Wheat,Dara,FAQ,2840,2945,2890,2025-01-15
378,Varanasi,Varanasi,Wheat,Dara,FAQ,2865,2935,2900,2025-01-16
367,Varanasi,Varanasi,Wheat,Dara,FAQ,2870,2950,2900,2025-01-17
559,Varanasi,Varanasi,Wheat,Dara,FAQ,2850,2960,2915,2025-01-18
667,Varanasi,Varanasi,Wheat,Dara,FAQ,2875,2950,2920,2025-01-20
122,Varanasi,Varanasi,Wheat,Dara,FAQ,2875,2960,2935,2025-01-21
467,Varanasi,Varanasi,Wheat,Dara,FAQ,2875,2970,2935,2025-01-22
463,Varanasi,Varanasi,Wheat,Dara,FAQ,2915,3000,2960,2025-01-25
38,Varanasi,Varanasi,Wheat,Dara,FAQ,2915,2975,2945,2025-01-27
636,Varanasi,Varanasi,Wheat,Dara,FAQ,2900,2975,2940,2025-01-28
106,Varanasi,Varanasi,Wheat,Dara,FAQ,2875,2970,2950,2025-01-30
85,Varanasi,Varanasi,Wheat,Dara,FAQ,2920,3000,2950,2025-01-31
382,Varanasi,Varanasi,Wheat,Dara,FAQ,2915,3000,2955,2025-02-01
587,Varanasi,Varanasi,Wheat,Dara,Non-FAQ,2840,2935,2880,2025-02-01
639,Varanasi,Varanasi,Wheat,Dara,FAQ,2900,2985,2950,2025-02-03
352,Varanasi,Varanasi,Wheat,Dara,Non-FAQ,2800,2890,2865,2025-02-04
617,Varanasi,Varanasi,Wheat,Dara,FAQ,2900,2985,2950,2025-02-04
41,Varanasi,Varanasi,Wheat,Dara,FAQ,2910,2990,2940,2025-02-06
138,Varanasi,Varanasi,Wheat,Dara,FAQ,2920,3000,2950,2025-02-07
371,Varanasi,Varanasi,Wheat,Dara,FAQ,2925,2990,2950,2025-02-10
546,Varanasi,Varanasi,Wheat,Dara,Non-FAQ,2820,2900,2850,2025-02-10
674,Varanasi,Varanasi,Wheat,Dara,FAQ,2900,2985,2950,2025-02-11
473,Varanasi,Varanasi,Wheat,Dara,FAQ,2930,3000,2950,2025-02-12
588,Varanasi,Varanasi,Wheat,Dara,FAQ,2925,3000,2965,2025-02-13
445,Varanasi,Varanasi,Wheat,Dara,FAQ,2935,3050,2970,2025-02-14
239,Varanasi,Varanasi,Wheat,Dara,FAQ,2940,3035,2980,2025-02-15
179,Varanasi,Varanasi,Wheat,Dara,FAQ,2935,3030,2985,2025-02-17
58,Varanasi,Varanasi,Wheat,Dara,FAQ,2935,3050,2990,2025-02-18
4,Varanasi,Varanasi,Wheat,Dara,Non-FAQ,2820,2875,2850,2025-02-18
374,Varanasi,Varanasi,Wheat,Dara,FAQ,2935,3025,2985,2025-02-20
393,Varanasi,Varanasi,Wheat,Dara,FAQ,2945,3065,2980,2025-02-21
315,Varanasi,Varanasi,Wheat,Dara,FAQ,2945,3035,2980,2025-02-22
176,Varanasi,Varanasi,Wheat,Dara,FAQ,2935,3025,2975,2025-02-24
253,Varanasi,Varanasi,Wheat,Dara,FAQ,2950,3035,2985,2025-02-25
440,Varanasi,Varanasi,Wheat,Dara,FAQ,2940,3035,2980,2025-02-26
180,Varanasi,Varanasi,Wheat,Dara,FAQ,2940,3035,2970,2025-02-27
577,Varanasi,Varanasi,Wheat,Dara,FAQ,2945,3015,2970,2025-02-28
388,Varanasi,Varanasi,Wheat,Dara,FAQ,2945,3025,2975,2025-03-01
294,Varanasi,Varanasi,Wheat,Dara,FAQ,2945,3025,2970,2025-03-03
563,Varanasi,Varanasi,Wheat,Dara,FAQ,2940,3035,2970,2025-03-04
164,Varanasi,Varanasi,Wheat,Dara,FAQ,2940,3035,2975,2025-03-05
408,Varanasi,Varanasi,Wheat,Dara,FAQ,2900,2985,2950,2025-03-06
249,Varanasi,Varanasi,Wheat,Dara,FAQ,2920,3000,2965,2025-03-07
694,Varanasi,Varanasi,Wheat,Dara,FAQ,2935,3000,2960,2025-03-08
589,Varanasi,Varanasi,Wheat,Dara,FAQ,2920,3000,2950,2025-03-10
401,Varanasi,Varanasi,Wheat,Dara,FAQ,2920,3015,2965,2025-03-11
427,Varanasi,Varanasi,Wheat,Dara,FAQ,2925,2990,2960,2025-03-12
2,Varanasi,Varanasi,Wheat,Dara,FAQ,2845,2935,2900,2025-03-17
436,Varanasi,Varanasi,Wheat,Dara,FAQ,2870,2940,2910,2025-03-18
426,Varanasi,Varanasi,Wheat,Dara,FAQ,2840,2925,2885,2025-03-19
380,Varanasi,Varanasi,Wheat,Dara,FAQ,2835,2950,2875,2025-03-20
663,Varanasi,Varanasi,Wheat,Dara,FAQ,2785,2900,2850,2025-03-21
705,Varanasi,Varanasi,Wheat,Dara,FAQ,2800,2890,2850,2025-03-22
309,Varanasi,Varanasi,Wheat,Dara,FAQ,2750,2845,2800,2025-03-24
623,Varanasi,Varanasi,Wheat,Dara,FAQ,2715,2840,2775,2025-03-25
405,Varanasi,Varanasi,Wheat,Dara,FAQ,2690,2785,2750,2025-03-26
377,Varanasi,Varanasi,Wheat,Dara,FAQ,2650,2745,2700,2025-03-27
244,Varanasi,Varanasi,Wheat,Dara,FAQ,2615,2700,2650,2025-03-31
606,Varanasi,Varanasi,Wheat,Dara,FAQ,2600,2700,2635,2025-04-01
173,Varanasi,Varanasi,Wheat,Dara,FAQ,2520,2615,2585,2025-04-02
242,Varanasi,Varanasi,Wheat,Dara,FAQ,2425,2575,2530,2025-04-03
92,Varanasi,Varanasi,Wheat,Dara,FAQ,2425,2570,2500,2025-04-05
109,Varanasi,Varanasi,Wheat,Dara,FAQ,2425,2550,2500,2025-04-07
685,Varanasi,Varanasi,Wheat,Dara,FAQ,2425,2550,2510,2025-04-08
673,Varanasi,Varanasi,Wheat,Dara,FAQ,2425,2535,2500,2025-04-09
25,Varanasi,Varanasi,Wheat,Dara,FAQ,2425,2560,2500,2025-04-10
493,Varanasi,Varanasi,Wheat,Dara,FAQ,2425,2545,2510,2025-04-11
17,Varanasi,Varanasi,Wheat,Dara,FAQ,2425,2540,2500,2025-04-12
247,Varanasi,Varanasi,Wheat,Dara,FAQ,2425,2550,2515,2025-04-14
395,Varanasi,Varanasi,Wheat,Dara,FAQ,2425,2535,2500,2025-04-15
219,Varanasi,Varanasi,Wheat,Dara,FAQ,2425,2535,2490,2025-04-16
470,Varanasi,Varanasi,Wheat,Dara,FAQ,2425,2515,2480,2025-04-18
730,Varanasi,Varanasi,Wheat,Dara,FAQ,2425,2530,2480,2025-04-19
331,Varanasi,Varanasi,Wheat,Dara,FAQ,2425,2550,2485,2025-04-21
528,Varanasi,Varanasi,Wheat,Dara,FAQ,2425,2535,2500,2025-04-23
574,Varanasi,Varanasi,Wheat,Dara,FAQ,2425,2545,2515,2025-04-24
295,Varanasi,Varanasi,Wheat,Dara,FAQ,2425,2515,2500,2025-04-25
565,Varanasi,Varanasi,Wheat,Dara,FAQ,2425,2535,2500,2025-04-26
255,Varanasi,Varanasi,Wheat,Dara,FAQ,2425,2520,2500,2025-04-28
284,Varanasi,Varanasi,Wheat,Dara,FAQ,2425,2530,2495,2025-05-01
353,Varanasi,Varanasi,Wheat,Dara,FAQ,2425,2520,2490,2025-05-02
166,Varanasi,Varanasi,Wheat,Dara,FAQ,2425,2525,2500,2025-05-03
728,Varanasi,Varanasi,Wheat,Dara,FAQ,2425,2535,2500,2025-05-05
84,Varanasi,Varanasi,Wheat,Dara,FAQ,2425,2515,2485,2025-05-06
27,Varanasi,Varanasi,Wheat,Dara,FAQ,2425,2530,2485,2025-05-07
206,Varanasi,Varanasi,Wheat,Dara,FAQ,2425,2520,2480,2025-05-08
168,Varanasi,Varanasi,Wheat,Dara,FAQ,2425,2515,2480,2025-05-09
669,Varanasi,Varanasi,Wheat,Dara,FAQ,2425,2520,2500,2025-05-10
640,Varanasi,Varanasi,Wheat,Dara,FAQ,2425,2535,2490,2025-05-12
666,Varanasi,Varanasi,Wheat,Dara,FAQ,2425,2535,2485,2025-05-13
517,Varanasi,Varanasi,Wheat,Dara,FAQ,2425,2530,2490,2025-05-14
613,Varanasi,Varanasi,Wheat,Dara,FAQ,2425,2530,2500,2025-05-15
146,Varanasi,Varanasi,Wheat,Dara,FAQ,2425,2530,2500,2025-05-16
658,Varanasi,Varanasi,Wheat,Dara,FAQ,2425,2515,2495,2025-05-17
644,Varanasi,Varanasi,Wheat,Dara,FAQ,2425,2530,2500,2025-05-19
174,Varanasi,Varanasi,Wheat,Dara,FAQ,2425,2520,2500,2025-05-20
733,Varanasi,Varanasi,Wheat,Dara,FAQ,2425,2535,2490,2025-05-21
566,Varanasi,Varanasi,Wheat,Dara,FAQ,2425,2535,2495,2025-05-22
215,Varanasi,Varanasi,Wheat,Dara,FAQ,2425,2525,2490,2025-05-23
633,Varanasi,Varanasi,Wheat,Dara,FAQ,2425,2515,2485,2025-05-24
668,Varanasi,Varanasi,Wheat,Dara,FAQ,2435,2550,2520,2025-05-26
165,Varanasi,Varanasi,Wheat,Dara,FAQ,2435,2550,2525,2025-05-27
675,Varanasi,Varanasi,Wheat,Dara,FAQ,2435,2565,2525,2025-05-29
240,Varanasi,Varanasi,Wheat,Dara,FAQ,2440,2550,2530,2025-05-30
555,Varanasi,Varanasi,Wheat,Dara,FAQ,2440,2565,2530,2025-06-02
36,Varanasi,Varanasi,Wheat,Dara,FAQ,2445,2590,2535,2025-06-03
194,Varanasi,Varanasi,Wheat,Dara,FAQ,2440,2565,2535,2025-06-04
513,Varanasi,Varanasi,Wheat,Dara,FAQ,2475,2590,2565,2025-06-09
373,Varanasi,Varanasi,Wheat,Dara,FAQ,2480,2585,2565,2025-06-10
696,Varanasi,Varanasi,Wheat,Dara,FAQ,2485,2600,2580,2025-06-12
223,Varanasi,Varanasi,Wheat,Dara,FAQ,2490,2615,2585,2025-06-13
259,Varanasi,Varanasi,Wheat,Dara,FAQ,2485,2615,2575,2025-06-16
233,Varanasi,Varanasi,Wheat,Dara,FAQ,2480,2600,2560,2025-06-17
287,Varanasi,Varanasi,Wheat,Dara,FAQ,2480,2615,2565,2025-06-18
128,Varanasi,Varanasi,Wheat,Dara,FAQ,2475,2590,2560,2025-06-19
130,Varanasi,Varanasi,Wheat,Dara,FAQ,2475,2600,2565,2025-06-20
1,Varanasi,Varanasi,Wheat,Dara,FAQ,2470,2600,2560,2025-06-21
364,Varanasi,Varanasi,Wheat,Dara,FAQ,2470,2590,2555,2025-06-23
527,Varanasi,Varanasi,Wheat,Dara,FAQ,2475,2600,2560,2025-06-24
603,Varanasi,Varanasi,Wheat,Dara,FAQ,2480,2610,2560,2025-06-25
404,Varanasi,Varanasi,Wheat,Dara,FAQ,2475,2600,2565,2025-06-26
607,Varanasi,Varanasi,Wheat,Dara,FAQ,2480,2615,2560,2025-06-27
290,Varanasi,Varanasi,Wheat,Dara,FAQ,2480,2625,2555,2025-06-28
409,Varanasi,Varanasi,Wheat,Dara,FAQ,2480,2585,2530,2025-06-30
336,Varanasi,Varanasi,Wheat,Dara,FAQ,2480,2570,2525,2025-07-01
104,Varanasi,Varanasi,Wheat,Dara,FAQ,2485,2590,2535,2025-07-02
261,Varanasi,Varanasi,Wheat,Dara,FAQ,2480,2565,2530,2025-07-03
738,Varanasi,Varanasi,Wheat,Dara,FAQ,2465,2550,2520,2025-07-04
136,Varanasi,Varanasi,Wheat,Dara,FAQ,2480,2590,2525,2025-07-05
226,Varanasi,Varanasi,Wheat,Dara,FAQ,2465,2585,2530,2025-07-07
47,Varanasi,Varanasi,Wheat,Dara,FAQ,2480,2580,2535,2025-07-08
57,Varanasi,Varanasi,Wheat,Dara,FAQ,2500,2590,2540,2025-07-09
525,Varanasi,Varanasi,Wheat,Dara,FAQ,2515,2600,2540,2025-07-10
485,Varanasi,Varanasi,Wheat,Dara,FAQ,2500,2600,2540,2025-07-12
185,Varanasi,Varanasi,Wheat,Dara,FAQ,2515,2600,2545,2025-07-14
396,Varanasi,Varanasi,Wheat,Dara,FAQ,2500,2600,2540,2025-07-15
201,Varanasi,Varanasi,Wheat,Dara,FAQ,2485,2590,2530,2025-07-16
184,Varanasi,Varanasi,Wheat,Dara,FAQ,2485,2580,2530,2025-07-18
230,Varanasi,Varanasi,Wheat,Dara,FAQ,2480,2570,2535,2025-07-19
197,Varanasi,Varanasi,Wheat,Dara,FAQ,2500,2590,2540,2025-07-21
199,Varanasi,Varanasi,Wheat,Dara,FAQ,2500,2585,2535,2025-07-22
595,Varanasi,Varanasi,Wheat,Dara,FAQ,2480,2575,2535,2025-07-23
709,Varanasi,Varanasi,Wheat,Dara,FAQ,2530,2600,2540,2025-07-24
316,Varanasi,Varanasi,Wheat,Dara,FAQ,2490,2570,2535,2025-07-25
642,Varanasi,Varanasi,Wheat,Dara,FAQ,2510,2590,2545,2025-07-26
444,Varanasi,Varanasi,Wheat,Dara,FAQ,2525,2610,2560,2025-07-28
114,Varanasi,Varanasi,Wheat,Dara,FAQ,2500,2590,2550,2025-07-29
579,Varanasi,Varanasi,Wheat,Dara,FAQ,2510,2600,2540,2025-07-31
93,Varanasi,Varanasi,Wheat,Dara,FAQ,2500,2590,2545,2025-08-01
416,Varanasi,Varanasi,Wheat,Dara,FAQ,2475,2590,2540,2025-08-02
6,Varanasi,Varanasi,Wheat,Dara,FAQ,2485,2575,2540,2025-08-04
256,Varanasi,Varanasi,Wheat,Dara,FAQ,2530,2600,2550,2025-08-05
695,Varanasi,Varanasi,Wheat,Dara,FAQ,2520,2615,2560,2025-08-07
428,Varanasi,Varanasi,Wheat,Dara,FAQ,2515,2600,2565,2025-08-08
350,Varanasi,Varanasi,Wheat,Dara,FAQ,2515,2600,2550,2025-08-09
734,Varanasi,Varanasi,Wheat,Dara,FAQ,2525,2600,2560,2025-08-11
9,Varanasi,Varanasi,Wheat,Dara,FAQ,2530,2615,2565,2025-08-12
89,Varanasi,Varanasi,Wheat,Dara,FAQ,2535,2615,2570,2025-08-13
492,Varanasi,Varanasi,Wheat,Dara,FAQ,2540,2635,2575,2025-08-14
503,Varanasi,Varanasi,Wheat,Dara,FAQ,2535,2615,2570,2025-08-15
222,Varanasi,Varanasi,Wheat,Dara,FAQ,2515,2610,2565,2025-08-16
260,Varanasi,Varanasi,Wheat,Dara,FAQ,2525,2600,2565,2025-08-18
518,Varanasi,Varanasi,Wheat,Dara,FAQ,2540,2615,2570,2025-08-19
288,Varanasi,Varanasi,Wheat,Dara,FAQ,2535,2615,2570,2025-08-21
490,Varanasi,Varanasi,Wheat,Dara,FAQ,2540,2615,2580,2025-08-22
392,Varanasi,Varanasi,Wheat,Dara,FAQ,2535,2615,2580,2025-08-23
430,Varanasi,Varanasi,Wheat,Dara,FAQ,2540,2635,2570,2025-08-25
311,Varanasi,Varanasi,Wheat,Dara,FAQ,2530,2625,2570,2025-08-26
332,Varanasi,Varanasi,Wheat,Dara,FAQ,2540,2615,2575,2025-08-27
