"Min,Max,Modal PriceVaranasi from 01-Jan-2023To29-Aug-2025 (Total-738) (Total-738)",,,,,,,,,
Sl no.,District Name,Market Name,Commodity,Variety,Grade,Min Price (Rs./Quintal),Max Price (Rs./Quintal),Modal Price (Rs./Quintal),Price Date
1,Varanasi,Varanasi,Wheat,Dara,FAQ,2470,2600,2560,21-Jun-25
2,Varanasi,Varanasi,Wheat,Dara,FAQ,2845,2935,2900,17-Mar-25
3,Varanasi,Varanasi,Wheat,Dara,FAQ,2850,2915,2875,31-Dec-24
4,Varanasi,Varanasi,Wheat,Dara,Non-FAQ,2820,2875,2850,18-Feb-25
5,Varanasi,Varanasi,Wheat,Dara,FAQ,2415,2500,2450,20-Jul-24
6,Varanasi,Varanasi,Wheat,Dara,FAQ,2485,2575,2540,04-Aug-25
7,Varanasi,Varanasi,Wheat,Dara,FAQ,2125,2200,2140,01-May-23
8,Varanasi,Varanasi,Wheat,Dara,FAQ,2275,2375,2340,29-Apr-24
9,Varanasi,Varanasi,Wheat,Dara,FAQ,2530,2615,2565,12-Aug-25
10,Varanasi,Varanasi,Wheat,Dara,FAQ,2400,2485,2440,19-Jul-24
11,Varanasi,Varanasi,Wheat,Dara,FAQ,2750,2845,2810,09-Feb-23
12,Varanasi,Varanasi,Wheat,Dara,FAQ,2270,2360,2310,24-Jul-23
13,Varanasi,Varanasi,Wheat,Dara,FAQ,2765,2840,2815,16-Dec-24
14,Varanasi,Varanasi,Wheat,Dara,FAQ,2770,2865,2815,09-Dec-24
15,Varanasi,Varanasi,Wheat,Dara,FAQ,2470,2550,2520,27-Jan-24
16,Varanasi,Varanasi,Wheat,Dara,FAQ,2340,2435,2380,02-Nov-23
17,Varanasi,Varanasi,Wheat,Dara,FAQ,2425,2540,2500,12-Apr-25
18,Varanasi,Varanasi,Wheat,Dara,FAQ,2425,2530,2470,25-Jul-24
19,Varanasi,Varanasi,Wheat,Dara,FAQ,2700,2785,2750,09-Nov-24
20,Varanasi,Varanasi,Wheat,Dara,FAQ,2400,2485,2435,18-Jul-24
21,Varanasi,Varanasi,Wheat,Dara,FAQ,2840,2915,2885,03-Jan-25
22,Varanasi,Varanasi,Wheat,Dara,FAQ,2735,2815,2775,14-Nov-24
23,Varanasi,Varanasi,Wheat,Dara,FAQ,2125,2235,2180,26-Apr-23
24,Varanasi,Varanasi,Wheat,Dara,FAQ,2745,2865,2795,23-Nov-24
25,Varanasi,Varanasi,Wheat,Dara,FAQ,2425,2560,2500,10-Apr-25
26,Varanasi,Varanasi,Wheat,Dara,FAQ,2740,2825,2780,20-Jan-23
27,Varanasi,Varanasi,Wheat,Dara,FAQ,2425,2530,2485,07-May-25
28,Varanasi,Varanasi,Wheat,Dara,FAQ,2275,2435,2380,22-Jun-24
29,Varanasi,Varanasi,Wheat,Dara,FAQ,2440,2550,2475,31-Jul-24
30,Varanasi,Varanasi,Wheat,Dara,FAQ,2125,2235,2200,03-Jun-23
31,Varanasi,Varanasi,Wheat,Dara,FAQ,2385,2475,2435,06-Jul-24
32,Varanasi,Varanasi,Wheat,Dara,FAQ,2580,2650,2620,02-Mar-24
33,Varanasi,Varanasi,Wheat,Dara,FAQ,2275,2375,2350,08-Apr-24
34,Varanasi,Varanasi,Wheat,Dara,FAQ,2700,2785,2730,16-Jan-23
35,Varanasi,Varanasi,Wheat,Dara,FAQ,2470,2560,2515,27-Aug-24
36,Varanasi,Varanasi,Wheat,Dara,FAQ,2445,2590,2535,03-Jun-25
37,Varanasi,Varanasi,Wheat,Dara,FAQ,2435,2525,2480,17-Aug-24
38,Varanasi,Varanasi,Wheat,Dara,FAQ,2915,2975,2945,27-Jan-25
39,Varanasi,Varanasi,Wheat,Dara,FAQ,2285,2350,2320,12-Aug-23
40,Varanasi,Varanasi,Wheat,Dara,FAQ,2475,2565,2525,18-Sep-24
41,Varanasi,Varanasi,Wheat,Dara,FAQ,2910,2990,2940,06-Feb-25
42,Varanasi,Varanasi,Wheat,Dara,FAQ,2700,2785,2750,25-Feb-23
43,Varanasi,Varanasi,Wheat,Dara,FAQ,2140,2250,2235,08-Jun-23
44,Varanasi,Varanasi,Wheat,Dara,FAQ,2840,2915,2885,14-Jan-25
45,Varanasi,Varanasi,Wheat,Dara,FAQ,2375,2465,2430,12-Jul-24
46,Varanasi,Varanasi,Wheat,Dara,FAQ,2515,2600,2545,11-Sep-24
47,Varanasi,Varanasi,Wheat,Dara,FAQ,2480,2580,2535,08-Jul-25
48,Varanasi,Varanasi,Wheat,Dara,FAQ,2125,2245,2200,27-Apr-23
49,Varanasi,Varanasi,Wheat,Dara,FAQ,2500,2575,2550,05-Jan-24
50,Varanasi,Varanasi,Wheat,Dara,FAQ,2650,2735,2700,07-Jan-23
51,Varanasi,Varanasi,Wheat,Dara,FAQ,2125,2235,2190,25-May-23
52,Varanasi,Varanasi,Wheat,Dara,FAQ,2425,2500,2465,30-Mar-24
53,Varanasi,Varanasi,Wheat,Dara,FAQ,2435,2500,2470,26-Jul-24
54,Varanasi,Varanasi,Wheat,Dara,FAQ,2440,2525,2490,21-Aug-24
55,Varanasi,Varanasi,Wheat,Dara,FAQ,2700,2785,2740,30-Oct-24
56,Varanasi,Varanasi,Wheat,Dara,FAQ,2285,2365,2335,22-Jun-23
57,Varanasi,Varanasi,Wheat,Dara,FAQ,2500,2590,2540,09-Jul-25
58,Varanasi,Varanasi,Wheat,Dara,FAQ,2935,3050,2990,18-Feb-25
59,Varanasi,Varanasi,Wheat,Dara,FAQ,2275,2385,2350,10-Apr-24
60,Varanasi,Varanasi,Wheat,Dara,FAQ,2320,2400,2360,22-Sep-23
61,Varanasi,Varanasi,Wheat,Dara,FAQ,2675,2825,2785,22-Feb-23
62,Varanasi,Varanasi,Wheat,Dara,FAQ,2480,2565,2515,28-Dec-23
63,Varanasi,Varanasi,Wheat,Dara,FAQ,2320,2400,2365,20-Sep-23
64,Varanasi,Varanasi,Wheat,Dara,FAQ,2650,2745,2720,10-Jan-23
65,Varanasi,Varanasi,Wheat,Dara,FAQ,2485,2575,2535,04-Mar-23
66,Varanasi,Varanasi,Wheat,Dara,FAQ,2340,2435,2380,26-Oct-23
67,Varanasi,Varanasi,Wheat,Dara,FAQ,2485,2565,2530,17-Sep-24
68,Varanasi,Varanasi,Wheat,Dara,FAQ,2290,2365,2330,08-Sep-23
69,Varanasi,Varanasi,Wheat,Dara,FAQ,2400,2490,2430,28-Jun-24
70,Varanasi,Varanasi,Wheat,Dara,FAQ,2845,2915,2880,11-Jan-25
71,Varanasi,Varanasi,Wheat,Dara,FAQ,2340,2465,2380,08-Nov-23
72,Varanasi,Varanasi,Wheat,Dara,FAQ,2765,2880,2820,13-Feb-23
73,Varanasi,Varanasi,Wheat,Dara,FAQ,2740,2835,2780,20-Feb-23
74,Varanasi,Varanasi,Wheat,Dara,FAQ,2275,2415,2350,06-May-24
75,Varanasi,Varanasi,Wheat,Dara,FAQ,2340,2425,2375,13-Oct-23
76,Varanasi,Varanasi,Wheat,Dara,FAQ,2250,2345,2290,18-Jul-23
77,Varanasi,Varanasi,Wheat,Dara,FAQ,2525,2600,2565,13-Feb-24
78,Varanasi,Varanasi,Wheat,Dara,FAQ,2340,2425,2370,25-Sep-23
79,Varanasi,Varanasi,Wheat,Dara,FAQ,2250,2335,2290,21-Jul-23
80,Varanasi,Varanasi,Wheat,Dara,FAQ,2370,2500,2410,26-Nov-23
81,Varanasi,Varanasi,Wheat,Dara,FAQ,3230,3300,3265,04-Nov-24
82,Varanasi,Varanasi,Wheat,Dara,FAQ,2400,2500,2465,22-Jul-24
83,Varanasi,Varanasi,Wheat,Dara,FAQ,2125,2250,2170,05-May-23
84,Varanasi,Varanasi,Wheat,Dara,FAQ,2425,2515,2485,06-May-25
85,Varanasi,Varanasi,Wheat,Dara,FAQ,2920,3000,2950,31-Jan-25
86,Varanasi,Varanasi,Wheat,Dara,FAQ,2275,2365,2330,03-May-24
87,Varanasi,Varanasi,Wheat,Dara,FAQ,2300,2350,2325,04-Sep-23
88,Varanasi,Varanasi,Wheat,Dara,FAQ,2850,2925,2885,08-Jan-25
89,Varanasi,Varanasi,Wheat,Dara,FAQ,2535,2615,2570,13-Aug-25
90,Varanasi,Varanasi,Wheat,Dara,FAQ,2300,2400,2340,21-Aug-23
91,Varanasi,Varanasi,Wheat,Dara,FAQ,2680,2775,2725,28-Oct-24
92,Varanasi,Varanasi,Wheat,Dara,FAQ,2425,2570,2500,05-Apr-25
93,Varanasi,Varanasi,Wheat,Dara,FAQ,2500,2590,2545,01-Aug-25
94,Varanasi,Varanasi,Wheat,Dara,FAQ,2350,2490,2450,25-Jun-24
95,Varanasi,Varanasi,Wheat,Dara,FAQ,2420,2500,2460,12-Mar-24
96,Varanasi,Varanasi,Wheat,Dara,FAQ,2470,2550,2520,17-Jan-24
97,Varanasi,Varanasi,Wheat,Dara,FAQ,2115,2165,2130,07-Apr-23
98,Varanasi,Varanasi,Wheat,Dara,FAQ,2285,2360,2320,07-Sep-23
99,Varanasi,Varanasi,Wheat,Dara,FAQ,2300,2370,2335,22-Aug-23
100,Varanasi,Varanasi,Wheat,Dara,FAQ,2765,2845,2800,14-Feb-23
101,Varanasi,Varanasi,Wheat,Dara,FAQ,2665,2735,2685,21-Oct-24
102,Varanasi,Varanasi,Wheat,Dara,FAQ,2125,2175,2140,20-Apr-23
103,Varanasi,Varanasi,Wheat,Dara,FAQ,2300,2365,2330,29-Aug-23
104,Varanasi,Varanasi,Wheat,Dara,FAQ,2485,2590,2535,02-Jul-25
105,Varanasi,Varanasi,Wheat,Dara,FAQ,2275,2375,2320,11-Aug-23
106,Varanasi,Varanasi,Wheat,Dara,FAQ,2875,2970,2950,30-Jan-25
107,Varanasi,Varanasi,Wheat,Dara,FAQ,2280,2415,2385,18-Jun-24
108,Varanasi,Varanasi,Wheat,Dara,FAQ,2280,2375,2330,23-Jun-23
109,Varanasi,Varanasi,Wheat,Dara,FAQ,2425,2550,2500,07-Apr-25
110,Varanasi,Varanasi,Wheat,Dara,FAQ,2670,2745,2695,01-Mar-24
111,Varanasi,Varanasi,Wheat,Dara,FAQ,2278,2415,2385,21-Jun-24
112,Varanasi,Varanasi,Wheat,Dara,FAQ,2470,2550,2520,19-Jan-24
113,Varanasi,Varanasi,Wheat,Dara,FAQ,2140,2235,2180,01-Apr-23
114,Varanasi,Varanasi,Wheat,Dara,FAQ,2500,2590,2550,29-Jul-25
115,Varanasi,Varanasi,Wheat,Dara,FAQ,2350,2415,2375,26-Sep-23
116,Varanasi,Varanasi,Wheat,Dara,FAQ,2500,2570,2530,30-Jan-24
117,Varanasi,Varanasi,Wheat,Dara,FAQ,2735,2820,2760,05-Nov-24
118,Varanasi,Varanasi,Wheat,Dara,FAQ,2250,2336,2300,17-Mar-23
119,Varanasi,Varanasi,Wheat,Dara,FAQ,2500,2575,2525,31-Jan-24
120,Varanasi,Varanasi,Wheat,Dara,FAQ,2400,2475,2435,02-Dec-23
121,Varanasi,Varanasi,Wheat,Dara,FAQ,2350,2465,2400,13-Mar-23
122,Varanasi,Varanasi,Wheat,Dara,FAQ,2875,2960,2935,21-Jan-25
123,Varanasi,Varanasi,Wheat,Dara,FAQ,2275,2360,2320,11-Jul-23
124,Varanasi,Varanasi,Wheat,Dara,FAQ,2385,2475,2425,13-Mar-24
125,Varanasi,Varanasi,Wheat,Dara,FAQ,2470,2560,2535,15-Jan-24
126,Varanasi,Varanasi,Wheat,Dara,FAQ,2440,2525,2470,09-Aug-24
127,Varanasi,Varanasi,Wheat,Dara,FAQ,2865,2935,2890,04-Jan-25
128,Varanasi,Varanasi,Wheat,Dara,FAQ,2475,2590,2560,19-Jun-25
129,Varanasi,Varanasi,Wheat,Dara,FAQ,2380,2515,2465,27-Jun-24
130,Varanasi,Varanasi,Wheat,Dara,FAQ,2475,2600,2565,20-Jun-25
131,Varanasi,Varanasi,Wheat,Dara,FAQ,2275,2365,2325,03-Jul-23
132,Varanasi,Varanasi,Wheat,Dara,FAQ,2250,2425,2350,15-Mar-23
133,Varanasi,Varanasi,Wheat,Dara,FAQ,2550,2675,2635,02-Mar-23
134,Varanasi,Varanasi,Wheat,Dara,FAQ,2350,2445,2385,01-Nov-23
135,Varanasi,Varanasi,Wheat,Dara,FAQ,2350,2435,2390,18-Nov-23
136,Varanasi,Varanasi,Wheat,Dara,FAQ,2480,2590,2525,05-Jul-25
137,Varanasi,Varanasi,Wheat,Dara,FAQ,2125,2200,2165,11-May-23
138,Varanasi,Varanasi,Wheat,Dara,FAQ,2920,3000,2950,07-Feb-25
139,Varanasi,Varanasi,Wheat,Dara,FAQ,2465,2535,2490,22-Aug-24
140,Varanasi,Varanasi,Wheat,Dara,FAQ,2515,2575,2535,07-Sep-24
141,Varanasi,Varanasi,Wheat,Dara,FAQ,2750,2845,2810,17-Dec-24
142,Varanasi,Varanasi,Wheat,Dara,FAQ,2275,2400,2335,20-Apr-24
143,Varanasi,Varanasi,Wheat,Dara,FAQ,2275,2425,2385,07-Jun-24
144,Varanasi,Varanasi,Wheat,Dara,FAQ,2125,2200,2160,08-May-23
145,Varanasi,Varanasi,Wheat,Dara,FAQ,2740,2865,2800,13-Dec-24
146,Varanasi,Varanasi,Wheat,Dara,FAQ,2425,2530,2500,16-May-25
147,Varanasi,Varanasi,Wheat,Dara,FAQ,2275,2375,2320,23-May-24
148,Varanasi,Varanasi,Wheat,Dara,FAQ,2150,2235,2200,30-Mar-23
149,Varanasi,Varanasi,Wheat,Dara,FAQ,2380,2465,2430,01-Jul-24
150,Varanasi,Varanasi,Wheat,Dara,FAQ,2275,2415,2375,20-Jun-24
151,Varanasi,Varanasi,Wheat,Dara,FAQ,2440,2525,2470,10-Aug-24
152,Varanasi,Varanasi,Wheat,Dara,FAQ,2520,2600,2550,23-Feb-24
153,Varanasi,Varanasi,Wheat,Dara,FAQ,2840,2915,2875,06-Jan-25
154,Varanasi,Varanasi,Wheat,Dara,FAQ,2320,2400,2350,13-Sep-23
155,Varanasi,Varanasi,Wheat,Dara,FAQ,2740,2850,2775,02-Feb-23
156,Varanasi,Varanasi,Wheat,Dara,FAQ,2340,2435,2375,05-Oct-23
157,Varanasi,Varanasi,Wheat,Dara,FAQ,2125,2220,2170,13-May-23
158,Varanasi,Varanasi,Wheat,Dara,FAQ,2240,2350,2270,21-Mar-23
159,Varanasi,Varanasi,Wheat,Dara,FAQ,2500,2585,2525,01-Feb-24
160,Varanasi,Varanasi,Wheat,Dara,FAQ,2550,2635,2590,22-Feb-24
161,Varanasi,Varanasi,Wheat,Dara,FAQ,2240,2345,2320,16-Jun-23
162,Varanasi,Varanasi,Wheat,Dara,FAQ,2125,2240,2200,24-May-23
163,Varanasi,Varanasi,Wheat,Dara,FAQ,2270,2350,2300,27-Jul-23
164,Varanasi,Varanasi,Wheat,Dara,FAQ,2940,3035,2975,05-Mar-25
165,Varanasi,Varanasi,Wheat,Dara,FAQ,2435,2550,2525,27-May-25
166,Varanasi,Varanasi,Wheat,Dara,FAQ,2425,2525,2500,03-May-25
167,Varanasi,Varanasi,Wheat,Dara,FAQ,2280,2385,2340,20-May-24
168,Varanasi,Varanasi,Wheat,Dara,FAQ,2425,2515,2480,09-May-25
169,Varanasi,Varanasi,Wheat,Dara,FAQ,2275,2400,2340,25-Apr-24
170,Varanasi,Varanasi,Wheat,Dara,FAQ,2425,2500,2460,05-Aug-24
171,Varanasi,Varanasi,Wheat,Dara,FAQ,2500,2585,2550,11-Feb-24
172,Varanasi,Varanasi,Wheat,Dara,FAQ,2370,2450,2420,21-Mar-24
173,Varanasi,Varanasi,Wheat,Dara,FAQ,2520,2615,2585,02-Apr-25
174,Varanasi,Varanasi,Wheat,Dara,FAQ,2425,2520,2500,20-May-25
175,Varanasi,Varanasi,Wheat,Dara,FAQ,2550,2735,2670,28-Feb-23
176,Varanasi,Varanasi,Wheat,Dara,FAQ,2935,3025,2975,24-Feb-25
177,Varanasi,Varanasi,Wheat,Dara,FAQ,2400,2485,2440,27-Mar-24
178,Varanasi,Varanasi,Wheat,Dara,FAQ,2275,2385,2340,25-May-24
179,Varanasi,Varanasi,Wheat,Dara,FAQ,2935,3030,2985,17-Feb-25
180,Varanasi,Varanasi,Wheat,Dara,FAQ,2940,3035,2970,27-Feb-25
181,Varanasi,Varanasi,Wheat,Dara,FAQ,2270,2350,2325,19-Jun-23
182,Varanasi,Varanasi,Wheat,Dara,FAQ,2840,2945,2890,15-Jan-25
183,Varanasi,Varanasi,Wheat,Dara,FAQ,2650,2735,2715,25-Oct-24
184,Varanasi,Varanasi,Wheat,Dara,FAQ,2485,2580,2530,18-Jul-25
185,Varanasi,Varanasi,Wheat,Dara,FAQ,2515,2600,2545,14-Jul-25
186,Varanasi,Varanasi,Wheat,Dara,FAQ,2300,2375,2335,09-Sep-23
187,Varanasi,Varanasi,Wheat,Dara,FAQ,2540,2625,2575,16-Feb-24
188,Varanasi,Varanasi,Wheat,Dara,FAQ,2275,2400,2340,30-May-24
189,Varanasi,Varanasi,Wheat,Dara,FAQ,2165,2345,2280,20-Mar-23
190,Varanasi,Varanasi,Wheat,Dara,FAQ,2275,2420,2380,14-Jun-24
191,Varanasi,Varanasi,Wheat,Dara,FAQ,2650,2735,2700,09-Jan-23
192,Varanasi,Varanasi,Wheat,Dara,FAQ,2125,2185,2135,12-Apr-23
193,Varanasi,Varanasi,Wheat,Dara,FAQ,2300,2375,2325,28-Aug-23
194,Varanasi,Varanasi,Wheat,Dara,FAQ,2440,2565,2535,04-Jun-25
195,Varanasi,Varanasi,Wheat,Dara,FAQ,2420,2490,2440,04-Dec-23
196,Varanasi,Varanasi,Wheat,Dara,FAQ,2740,2835,2785,19-Nov-24
197,Varanasi,Varanasi,Wheat,Dara,FAQ,2500,2590,2540,21-Jul-25
198,Varanasi,Varanasi,Wheat,Dara,FAQ,2275,2385,2330,13-May-24
199,Varanasi,Varanasi,Wheat,Dara,FAQ,2500,2585,2535,22-Jul-25
200,Varanasi,Varanasi,Wheat,Dara,FAQ,2125,2200,2160,10-May-23
201,Varanasi,Varanasi,Wheat,Dara,FAQ,2485,2590,2530,16-Jul-25
202,Varanasi,Varanasi,Wheat,Dara,FAQ,2500,2575,2535,07-Feb-24
203,Varanasi,Varanasi,Wheat,Dara,FAQ,2330,2420,2380,18-Oct-23
204,Varanasi,Varanasi,Wheat,Dara,FAQ,2340,2425,2375,27-Sep-23
205,Varanasi,Varanasi,Wheat,Dara,FAQ,2475,2550,2520,25-Jan-24
206,Varanasi,Varanasi,Wheat,Dara,FAQ,2425,2520,2480,08-May-25
207,Varanasi,Varanasi,Wheat,Dara,FAQ,2125,2220,2170,31-May-23
208,Varanasi,Varanasi,Wheat,Dara,FAQ,2645,2725,2690,22-Oct-24
209,Varanasi,Varanasi,Wheat,Dara,FAQ,2275,2380,2320,05-Jul-23
210,Varanasi,Varanasi,Wheat,Dara,FAQ,2275,2400,2320,24-Apr-24
211,Varanasi,Varanasi,Wheat,Dara,FAQ,2440,2520,2470,14-Aug-24
212,Varanasi,Varanasi,Wheat,Dara,FAQ,2125,2200,2150,05-Apr-23
213,Varanasi,Varanasi,Wheat,Dara,FAQ,2850,2915,2890,10-Jan-25
214,Varanasi,Varanasi,Wheat,Dara,FAQ,2440,2500,2465,29-Mar-24
215,Varanasi,Varanasi,Wheat,Dara,FAQ,2425,2525,2490,23-May-25
216,Varanasi,Varanasi,Wheat,Dara,FAQ,2840,2915,2875,01-Jan-25
217,Varanasi,Varanasi,Wheat,Dara,FAQ,2125,2150,2130,15-Apr-23
218,Varanasi,Varanasi,Wheat,Dara,FAQ,2375,2465,2420,11-Mar-23
219,Varanasi,Varanasi,Wheat,Dara,FAQ,2425,2535,2490,16-Apr-25
220,Varanasi,Varanasi,Wheat,Dara,FAQ,2280,2400,2360,28-Jun-23
221,Varanasi,Varanasi,Wheat,Dara,FAQ,2715,2800,2765,07-Nov-24
222,Varanasi,Varanasi,Wheat,Dara,FAQ,2515,2610,2565,16-Aug-25
223,Varanasi,Varanasi,Wheat,Dara,FAQ,2490,2615,2585,13-Jun-25
224,Varanasi,Varanasi,Wheat,Dara,FAQ,2275,2420,2375,04-Jun-24
225,Varanasi,Varanasi,Wheat,Dara,FAQ,2515,2600,2565,30-Sep-24
226,Varanasi,Varanasi,Wheat,Dara,FAQ,2465,2585,2530,07-Jul-25
227,Varanasi,Varanasi,Wheat,Dara,FAQ,2275,2385,2355,10-May-24
228,Varanasi,Varanasi,Wheat,Dara,FAQ,2300,2375,2325,14-Aug-23
229,Varanasi,Varanasi,Wheat,Dara,FAQ,2275,2365,2330,23-Apr-24
230,Varanasi,Varanasi,Wheat,Dara,FAQ,2480,2570,2535,19-Jul-25
231,Varanasi,Varanasi,Wheat,Dara,FAQ,2125,2225,2170,03-May-23
232,Varanasi,Varanasi,Wheat,Dara,FAQ,2275,2390,2345,27-Apr-24
233,Varanasi,Varanasi,Wheat,Dara,FAQ,2480,2600,2560,17-Jun-25
234,Varanasi,Varanasi,Wheat,Dara,FAQ,2745,2865,2800,22-Dec-24
235,Varanasi,Varanasi,Wheat,Dara,FAQ,2535,2635,2585,03-Mar-23
236,Varanasi,Varanasi,Wheat,Dara,FAQ,2325,2400,2365,16-Sep-23
237,Varanasi,Varanasi,Wheat,Dara,FAQ,2355,2425,2385,19-Oct-23
238,Varanasi,Varanasi,Wheat,Dara,FAQ,2475,2550,2520,30-Aug-24
239,Varanasi,Varanasi,Wheat,Dara,FAQ,2940,3035,2980,15-Feb-25
240,Varanasi,Varanasi,Wheat,Dara,FAQ,2440,2550,2530,30-May-25
241,Varanasi,Varanasi,Wheat,Dara,FAQ,2285,2425,2390,12-Jun-24
242,Varanasi,Varanasi,Wheat,Dara,FAQ,2425,2575,2530,03-Apr-25
243,Varanasi,Varanasi,Wheat,Dara,FAQ,2385,2475,2450,01-Apr-24
244,Varanasi,Varanasi,Wheat,Dara,FAQ,2615,2700,2650,31-Mar-25
245,Varanasi,Varanasi,Wheat,Dara,FAQ,2520,2650,2560,27-Feb-24
246,Varanasi,Varanasi,Wheat,Dara,FAQ,2750,2835,2790,23-Jan-23
247,Varanasi,Varanasi,Wheat,Dara,FAQ,2425,2550,2515,14-Apr-25
248,Varanasi,Varanasi,Wheat,Dara,FAQ,2470,2565,2515,23-Dec-23
249,Varanasi,Varanasi,Wheat,Dara,FAQ,2920,3000,2965,07-Mar-25
250,Varanasi,Varanasi,Wheat,Dara,FAQ,2275,2385,2350,19-Apr-24
251,Varanasi,Varanasi,Wheat,Dara,FAQ,2300,2385,2360,21-Sep-23
252,Varanasi,Varanasi,Wheat,Dara,FAQ,2125,2235,2185,20-May-23
253,Varanasi,Varanasi,Wheat,Dara,FAQ,2950,3035,2985,25-Feb-25
254,Varanasi,Varanasi,Wheat,Dara,FAQ,2775,2850,2815,10-Feb-23
255,Varanasi,Varanasi,Wheat,Dara,FAQ,2425,2520,2500,28-Apr-25
256,Varanasi,Varanasi,Wheat,Dara,FAQ,2530,2600,2550,05-Aug-25
257,Varanasi,Varanasi,Wheat,Dara,FAQ,2450,2570,2520,26-Dec-23
258,Varanasi,Varanasi,Wheat,Dara,FAQ,2735,2850,2780,07-Feb-23
259,Varanasi,Varanasi,Wheat,Dara,FAQ,2485,2615,2575,16-Jun-25
260,Varanasi,Varanasi,Wheat,Dara,FAQ,2525,2600,2565,18-Aug-25
261,Varanasi,Varanasi,Wheat,Dara,FAQ,2480,2565,2530,03-Jul-25
262,Varanasi,Varanasi,Wheat,Dara,FAQ,2440,2525,2470,30-Jul-24
263,Varanasi,Varanasi,Wheat,Dara,FAQ,2670,2750,2720,06-Jan-23
264,Varanasi,Varanasi,Wheat,Dara,FAQ,2685,2785,2718,05-Jan-23
265,Varanasi,Varanasi,Wheat,Dara,FAQ,2450,2550,2500,07-Mar-23
266,Varanasi,Varanasi,Wheat,Dara,FAQ,2125,2200,2165,12-May-23
267,Varanasi,Varanasi,Wheat,Dara,FAQ,2340,2425,2380,17-Oct-23
268,Varanasi,Varanasi,Wheat,Dara,FAQ,2445,2515,2485,23-Aug-24
269,Varanasi,Varanasi,Wheat,Dara,FAQ,2750,2835,2780,24-Feb-23
270,Varanasi,Varanasi,Wheat,Dara,FAQ,2400,2500,2435,17-Jul-24
271,Varanasi,Varanasi,Wheat,Dara,FAQ,2240,2350,2300,08-Sep-24
272,Varanasi,Varanasi,Wheat,Dara,FAQ,2600,2685,2635,08-Oct-24
273,Varanasi,Varanasi,Wheat,Dara,FAQ,2470,2565,2520,16-Jan-24
274,Varanasi,Varanasi,Wheat,Dara,FAQ,2275,2400,2340,28-May-24
275,Varanasi,Varanasi,Wheat,Dara,FAQ,2615,2700,2665,11-Oct-24
276,Varanasi,Varanasi,Wheat,Dara,FAQ,2450,2525,2470,01-Aug-24
277,Varanasi,Varanasi,Wheat,Dara,FAQ,2750,2835,2800,02-Dec-24
278,Varanasi,Varanasi,Wheat,Dara,FAQ,2275,2400,2330,24-May-24
279,Varanasi,Varanasi,Wheat,Dara,FAQ,2835,2915,2870,28-Dec-24
280,Varanasi,Varanasi,Wheat,Dara,FAQ,2465,2550,2510,20-Dec-23
281,Varanasi,Varanasi,Wheat,Dara,FAQ,2450,2565,2520,08-Jan-24
282,Varanasi,Varanasi,Wheat,Dara,FAQ,2275,2385,2350,09-May-24
283,Varanasi,Varanasi,Wheat,Dara,FAQ,2445,2520,2470,06-Aug-24
284,Varanasi,Varanasi,Wheat,Dara,FAQ,2425,2530,2495,01-May-25
285,Varanasi,Varanasi,Wheat,Dara,FAQ,2275,2375,2345,16-Apr-24
286,Varanasi,Varanasi,Wheat,Dara,FAQ,2380,2485,2425,05-Jul-24
287,Varanasi,Varanasi,Wheat,Dara,FAQ,2480,2615,2565,18-Jun-25
288,Varanasi,Varanasi,Wheat,Dara,FAQ,2535,2615,2570,21-Aug-25
289,Varanasi,Varanasi,Wheat,Dara,FAQ,2240,2320,2275,22-Mar-23
290,Varanasi,Varanasi,Wheat,Dara,FAQ,2480,2625,2555,28-Jun-25
291,Varanasi,Varanasi,Wheat,Dara,FAQ,2275,2350,2315,14-Jul-23
292,Varanasi,Varanasi,Wheat,Dara,FAQ,2275,2420,2360,07-May-24
293,Varanasi,Varanasi,Wheat,Dara,FAQ,2125,2170,2135,10-Apr-23
294,Varanasi,Varanasi,Wheat,Dara,FAQ,2945,3025,2970,03-Mar-25
295,Varanasi,Varanasi,Wheat,Dara,FAQ,2425,2515,2500,25-Apr-25
296,Varanasi,Varanasi,Wheat,Dara,FAQ,2275,2385,2350,04-May-24
297,Varanasi,Varanasi,Wheat,Dara,FAQ,2350,2435,2375,07-Oct-23
298,Varanasi,Varanasi,Wheat,Dara,FAQ,2775,2865,2815,10-Dec-24
299,Varanasi,Varanasi,Wheat,Dara,FAQ,2475,2570,2530,20-Sep-24
300,Varanasi,Varanasi,Wheat,Dara,FAQ,2475,2565,2515,06-Jan-24
301,Varanasi,Varanasi,Wheat,Dara,FAQ,2440,2525,2480,09-Dec-23
302,Varanasi,Varanasi,Wheat,Dara,FAQ,2685,2750,2725,26-Oct-24
303,Varanasi,Varanasi,Wheat,Dara,FAQ,2490,2575,2525,03-Sep-24
304,Varanasi,Varanasi,Wheat,Dara,FAQ,2125,2225,2180,29-Apr-23
305,Varanasi,Varanasi,Wheat,Dara,FAQ,2420,2500,2465,27-Jul-24
306,Varanasi,Varanasi,Wheat,Dara,FAQ,2750,2865,2810,04-Dec-24
307,Varanasi,Varanasi,Wheat,Dara,FAQ,2740,2935,2780,18-Nov-24
308,Varanasi,Varanasi,Wheat,Dara,FAQ,2275,2425,2390,13-Jun-24
309,Varanasi,Varanasi,Wheat,Dara,FAQ,2750,2845,2800,24-Mar-25
310,Varanasi,Varanasi,Wheat,Dara,FAQ,2285,2350,2320,28-Jul-23
311,Varanasi,Varanasi,Wheat,Dara,FAQ,2530,2625,2570,26-Aug-25
312,Varanasi,Varanasi,Wheat,Dara,FAQ,2350,2435,2385,20-Nov-23
313,Varanasi,Varanasi,Wheat,Dara,FAQ,2700,2800,2740,17-Jan-23
314,Varanasi,Varanasi,Wheat,Dara,FAQ,2500,2590,2550,12-Feb-24
315,Varanasi,Varanasi,Wheat,Dara,FAQ,2945,3035,2980,22-Feb-25
316,Varanasi,Varanasi,Wheat,Dara,FAQ,2490,2570,2535,25-Jul-25
317,Varanasi,Varanasi,Wheat,Dara,FAQ,2135,2275,2225,06-Jun-23
318,Varanasi,Varanasi,Wheat,Dara,FAQ,2340,2430,2370,28-Oct-23
319,Varanasi,Varanasi,Wheat,Dara,FAQ,2565,2645,2600,09-Jun-23
320,Varanasi,Varanasi,Wheat,Dara,FAQ,2515,2600,2550,10-Feb-24
321,Varanasi,Varanasi,Wheat,Dara,FAQ,2640,2725,2680,20-Feb-24
322,Varanasi,Varanasi,Wheat,Dara,FAQ,2275,2370,2325,22-May-24
323,Varanasi,Varanasi,Wheat,Dara,FAQ,2740,2815,2785,21-Jan-23
324,Varanasi,Varanasi,Wheat,Dara,FAQ,2770,2865,2815,30-Jan-23
325,Varanasi,Varanasi,Wheat,Dara,FAQ,2275,2375,2335,26-Apr-24
326,Varanasi,Varanasi,Wheat,Dara,FAQ,2765,2845,2810,27-Jan-23
327,Varanasi,Varanasi,Wheat,Dara,FAQ,2650,2745,2710,03-Jan-23
328,Varanasi,Varanasi,Wheat,Dara,FAQ,2485,2545,2515,27-Dec-23
329,Varanasi,Varanasi,Wheat,Dara,FAQ,2300,2385,2325,03-Aug-23
330,Varanasi,Varanasi,Wheat,Dara,FAQ,2550,2635,2585,21-Feb-24
331,Varanasi,Varanasi,Wheat,Dara,FAQ,2425,2550,2485,21-Apr-25
332,Varanasi,Varanasi,Wheat,Dara,FAQ,2540,2615,2575,27-Aug-25
333,Varanasi,Varanasi,Wheat,Dara,FAQ,2750,2865,2800,05-Dec-24
334,Varanasi,Varanasi,Wheat,Dara,FAQ,2640,2735,2670,12-Oct-24
335,Varanasi,Varanasi,Wheat,Dara,FAQ,2765,2845,2800,18-Dec-24
336,Varanasi,Varanasi,Wheat,Dara,FAQ,2480,2570,2525,01-Jul-25
337,Varanasi,Varanasi,Wheat,Dara,FAQ,2125,2250,2170,25-Apr-23
338,Varanasi,Varanasi,Wheat,Dara,FAQ,2750,2840,2780,19-Jan-23
339,Varanasi,Varanasi,Wheat,Dara,FAQ,2345,2425,2390,21-Oct-23
340,Varanasi,Varanasi,Wheat,Dara,FAQ,2750,2835,2800,24-Jan-23
341,Varanasi,Varanasi,Wheat,Dara,FAQ,2240,2350,2265,24-Mar-23
342,Varanasi,Varanasi,Wheat,Dara,FAQ,2850,2915,2880,02-Jan-25
343,Varanasi,Varanasi,Wheat,Dara,FAQ,2285,2370,2330,24-Jun-23
344,Varanasi,Varanasi,Wheat,Dara,FAQ,2340,2445,2380,06-Apr-24
345,Varanasi,Varanasi,Wheat,Dara,FAQ,2425,2535,2485,20-Aug-24
346,Varanasi,Varanasi,Wheat,Dara,FAQ,2465,2550,2525,06-Mar-24
347,Varanasi,Varanasi,Wheat,Dara,FAQ,2475,2585,2515,14-Dec-23
348,Varanasi,Varanasi,Wheat,Dara,FAQ,2520,2625,2560,02-Feb-24
349,Varanasi,Varanasi,Wheat,Dara,FAQ,2300,2385,2325,25-Aug-23
350,Varanasi,Varanasi,Wheat,Dara,FAQ,2515,2600,2550,09-Aug-25
351,Varanasi,Varanasi,Wheat,Dara,FAQ,2125,2235,2175,30-May-23
352,Varanasi,Varanasi,Wheat,Dara,Non-FAQ,2800,2890,2865,04-Feb-25
353,Varanasi,Varanasi,Wheat,Dara,FAQ,2425,2520,2490,02-May-25
354,Varanasi,Varanasi,Wheat,Dara,FAQ,2190,2320,2270,12-Jun-23
355,Varanasi,Varanasi,Wheat,Dara,FAQ,2565,2635,2600,05-Oct-24
356,Varanasi,Varanasi,Wheat,Dara,FAQ,2350,2425,2390,20-Oct-23
357,Varanasi,Varanasi,Wheat,Dara,FAQ,2275,2365,2335,15-May-24
358,Varanasi,Varanasi,Wheat,Dara,FAQ,2500,2575,2535,08-Feb-24
359,Varanasi,Varanasi,Wheat,Dara,FAQ,2830,2900,2860,26-Dec-24
360,Varanasi,Varanasi,Wheat,Dara,FAQ,2300,2365,2335,19-Aug-23
361,Varanasi,Varanasi,Wheat,Dara,FAQ,2125,2225,2180,17-May-23
362,Varanasi,Varanasi,Wheat,Dara,FAQ,2265,2345,2300,14-Jun-23
363,Varanasi,Varanasi,Wheat,Dara,FAQ,2340,2435,2380,04-Nov-23
364,Varanasi,Varanasi,Wheat,Dara,FAQ,2470,2590,2555,23-Jun-25
365,Varanasi,Varanasi,Wheat,Dara,FAQ,2400,2500,2435,10-Jul-24
366,Varanasi,Varanasi,Wheat,Dara,FAQ,2170,2285,2215,29-Mar-23
367,Varanasi,Varanasi,Wheat,Dara,FAQ,2870,2950,2900,17-Jan-25
368,Varanasi,Varanasi,Wheat,Dara,FAQ,2400,2485,2450,07-Dec-23
369,Varanasi,Varanasi,Wheat,Dara,FAQ,2465,2550,2520,04-Jan-24
370,Varanasi,Varanasi,Wheat,Dara,FAQ,2100,2140,2125,17-Apr-23
371,Varanasi,Varanasi,Wheat,Dara,FAQ,2925,2990,2950,10-Feb-25
372,Varanasi,Varanasi,Wheat,Dara,FAQ,2345,2430,2380,06-Oct-23
373,Varanasi,Varanasi,Wheat,Dara,FAQ,2480,2585,2565,10-Jun-25
374,Varanasi,Varanasi,Wheat,Dara,FAQ,2935,3025,2985,20-Feb-25
375,Varanasi,Varanasi,Wheat,Dara,FAQ,2125,2200,2150,06-May-23
376,Varanasi,Varanasi,Wheat,Dara,FAQ,2840,2965,2885,09-Jan-25
377,Varanasi,Varanasi,Wheat,Dara,FAQ,2650,2745,2700,27-Mar-25
378,Varanasi,Varanasi,Wheat,Dara,FAQ,2865,2935,2900,16-Jan-25
379,Varanasi,Varanasi,Wheat,Dara,FAQ,2425,2500,2445,06-Dec-23
380,Varanasi,Varanasi,Wheat,Dara,FAQ,2835,2950,2875,20-Mar-25
381,Varanasi,Varanasi,Wheat,Dara,FAQ,2300,2365,2330,30-Aug-23
382,Varanasi,Varanasi,Wheat,Dara,FAQ,2915,3000,2955,01-Feb-25
383,Varanasi,Varanasi,Wheat,Dara,FAQ,2270,2340,2310,31-Jul-23
384,Varanasi,Varanasi,Wheat,Dara,FAQ,2435,2515,2470,07-Aug-24
385,Varanasi,Varanasi,Wheat,Dara,FAQ,2350,2440,2400,25-Nov-23
386,Varanasi,Varanasi,Wheat,Dara,FAQ,2275,2400,2370,24-Jun-24
387,Varanasi,Varanasi,Wheat,Dara,FAQ,2125,2185,2135,14-Apr-23
388,Varanasi,Varanasi,Wheat,Dara,FAQ,2945,3025,2975,01-Mar-25
389,Varanasi,Varanasi,Wheat,Dara,FAQ,2315,2400,2345,12-Sep-23
390,Varanasi,Varanasi,Wheat,Dara,FAQ,2280,2400,2350,27-Jun-23
391,Varanasi,Varanasi,Wheat,Dara,FAQ,2340,2450,2385,16-Nov-23
392,Varanasi,Varanasi,Wheat,Dara,FAQ,2535,2615,2580,23-Aug-25
393,Varanasi,Varanasi,Wheat,Dara,FAQ,2945,3065,2980,21-Feb-25
394,Varanasi,Varanasi,Wheat,Dara,FAQ,2665,2760,2715,04-Jan-23
395,Varanasi,Varanasi,Wheat,Dara,FAQ,2425,2535,2500,15-Apr-25
396,Varanasi,Varanasi,Wheat,Dara,FAQ,2500,2600,2540,15-Jul-25
397,Varanasi,Varanasi,Wheat,Dara,FAQ,2350,2435,2375,31-Oct-23
398,Varanasi,Varanasi,Wheat,Dara,FAQ,2485,2565,2525,18-Jan-24
399,Varanasi,Varanasi,Wheat,Dara,FAQ,2125,2200,2140,08-Apr-23
400,Varanasi,Varanasi,Wheat,Dara,FAQ,2645,2750,2700,24-Oct-24
401,Varanasi,Varanasi,Wheat,Dara,FAQ,2920,3015,2965,11-Mar-25
402,Varanasi,Varanasi,Wheat,Dara,FAQ,2415,2500,2450,02-Apr-24
403,Varanasi,Varanasi,Wheat,Dara,FAQ,2565,2630,2600,04-Oct-24
404,Varanasi,Varanasi,Wheat,Dara,FAQ,2475,2600,2565,26-Jun-25
405,Varanasi,Varanasi,Wheat,Dara,FAQ,2690,2785,2750,26-Mar-25
406,Varanasi,Varanasi,Wheat,Dara,FAQ,2830,2900,2865,27-Dec-24
407,Varanasi,Varanasi,Wheat,Dara,FAQ,2235,2340,2300,15-Jun-23
408,Varanasi,Varanasi,Wheat,Dara,FAQ,2900,2985,2950,06-Mar-25
409,Varanasi,Varanasi,Wheat,Dara,FAQ,2480,2585,2530,30-Jun-25
410,Varanasi,Varanasi,Wheat,Dara,FAQ,2275,2385,2320,18-Mar-23
411,Varanasi,Varanasi,Wheat,Dara,FAQ,2340,2430,2375,27-Oct-23
412,Varanasi,Varanasi,Wheat,Dara,FAQ,2520,2600,2555,24-Feb-24
413,Varanasi,Varanasi,Wheat,Dara,FAQ,3075,3200,3125,30-Nov-24
414,Varanasi,Varanasi,Wheat,Dara,FAQ,2385,2460,2435,04-Apr-24
415,Varanasi,Varanasi,Wheat,Dara,FAQ,2125,2200,2140,24-Apr-23
416,Varanasi,Varanasi,Wheat,Dara,FAQ,2475,2590,2540,02-Aug-25
417,Varanasi,Varanasi,Wheat,Dara,FAQ,2280,2360,2335,21-Jun-23
418,Varanasi,Varanasi,Wheat,Dara,FAQ,2440,2520,2485,11-Dec-23
419,Varanasi,Varanasi,Wheat,Dara,FAQ,2465,2550,2500,13-Dec-23
420,Varanasi,Varanasi,Wheat,Dara,FAQ,2765,2835,2800,12-Dec-24
421,Varanasi,Varanasi,Wheat,Dara,FAQ,2125,2220,2165,16-May-23
422,Varanasi,Varanasi,Wheat,Dara,FAQ,2600,2700,2665,14-Oct-24
423,Varanasi,Varanasi,Wheat,Dara,FAQ,2780,2850,2815,24-Dec-24
424,Varanasi,Varanasi,Wheat,Dara,FAQ,2130,2300,2220,07-Jun-23
425,Varanasi,Varanasi,Wheat,Dara,FAQ,2340,2425,2375,14-Mar-23
426,Varanasi,Varanasi,Wheat,Dara,FAQ,2840,2925,2885,19-Mar-25
427,Varanasi,Varanasi,Wheat,Dara,FAQ,2925,2990,2960,12-Mar-25
428,Varanasi,Varanasi,Wheat,Dara,FAQ,2515,2600,2565,08-Aug-25
429,Varanasi,Varanasi,Wheat,Dara,FAQ,2500,2585,2540,10-Sep-24
430,Varanasi,Varanasi,Wheat,Dara,FAQ,2540,2635,2570,25-Aug-25
431,Varanasi,Varanasi,Wheat,Dara,FAQ,2465,2535,2500,24-Aug-24
432,Varanasi,Varanasi,Wheat,Dara,FAQ,2375,2470,2430,01-Dec-23
433,Varanasi,Varanasi,Wheat,Dara,FAQ,2275,2385,2350,08-May-24
434,Varanasi,Varanasi,Wheat,Dara,FAQ,2320,2415,2350,14-Sep-23
435,Varanasi,Varanasi,Wheat,Dara,FAQ,2740,2835,2770,01-Feb-23
436,Varanasi,Varanasi,Wheat,Dara,FAQ,2870,2940,2910,18-Mar-25
437,Varanasi,Varanasi,Wheat,Dara,FAQ,2340,2410,2375,30-Sep-23
438,Varanasi,Varanasi,Wheat,Dara,FAQ,2750,2865,2810,11-Feb-23
439,Varanasi,Varanasi,Wheat,Dara,FAQ,2350,2440,2400,22-Nov-23
440,Varanasi,Varanasi,Wheat,Dara,FAQ,2940,3035,2980,26-Feb-25
441,Varanasi,Varanasi,Wheat,Dara,FAQ,2250,2375,2300,07-Jul-23
442,Varanasi,Varanasi,Wheat,Dara,FAQ,2520,2600,2560,27-Sep-24
443,Varanasi,Varanasi,Wheat,Dara,FAQ,2640,2700,2675,15-Oct-24
444,Varanasi,Varanasi,Wheat,Dara,FAQ,2525,2610,2560,28-Jul-25
445,Varanasi,Varanasi,Wheat,Dara,FAQ,2935,3050,2970,14-Feb-25
446,Varanasi,Varanasi,Wheat,Dara,FAQ,2450,2525,2490,12-Dec-23
447,Varanasi,Varanasi,Wheat,Dara,FAQ,2270,2360,2330,05-Aug-23
448,Varanasi,Varanasi,Wheat,Dara,FAQ,2350,2425,2375,14-Oct-23
449,Varanasi,Varanasi,Wheat,Dara,FAQ,2470,2550,2520,21-Dec-23
450,Varanasi,Varanasi,Wheat,Dara,FAQ,2345,2425,2385,11-Oct-23
451,Varanasi,Varanasi,Wheat,Dara,FAQ,2275,2385,2350,15-Apr-24
452,Varanasi,Varanasi,Wheat,Dara,FAQ,2125,2235,2180,18-May-23
453,Varanasi,Varanasi,Wheat,Dara,FAQ,2320,2400,2340,11-Sep-23
454,Varanasi,Varanasi,Wheat,Dara,FAQ,2365,2450,2390,17-Nov-23
455,Varanasi,Varanasi,Wheat,Dara,FAQ,2645,2715,2685,17-Oct-24
456,Varanasi,Varanasi,Wheat,Dara,FAQ,2275,2385,2340,11-May-24
457,Varanasi,Varanasi,Wheat,Dara,FAQ,2500,2575,2535,06-Feb-24
458,Varanasi,Varanasi,Wheat,Dara,FAQ,2425,2515,2475,13-Aug-24
459,Varanasi,Varanasi,Wheat,Dara,FAQ,2340,2435,2370,29-Sep-23
460,Varanasi,Varanasi,Wheat,Dara,FAQ,2765,2835,2800,08-Feb-23
461,Varanasi,Varanasi,Wheat,Dara,FAQ,2450,2550,2510,01-Jan-24
462,Varanasi,Varanasi,Wheat,Dara,FAQ,2320,2400,2365,19-Sep-23
463,Varanasi,Varanasi,Wheat,Dara,FAQ,2915,3000,2960,25-Jan-25
464,Varanasi,Varanasi,Wheat,Dara,FAQ,2465,2565,2510,19-Dec-23
465,Varanasi,Varanasi,Wheat,Dara,FAQ,2400,2485,2440,13-Jul-24
466,Varanasi,Varanasi,Wheat,Dara,FAQ,2125,2235,2185,23-May-23
467,Varanasi,Varanasi,Wheat,Dara,FAQ,2875,2970,2935,22-Jan-25
468,Varanasi,Varanasi,Wheat,Dara,FAQ,2835,2915,2875,07-Jan-25
469,Varanasi,Varanasi,Wheat,Dara,FAQ,2740,2875,2800,29-Nov-24
470,Varanasi,Varanasi,Wheat,Dara,FAQ,2425,2515,2480,18-Apr-25
471,Varanasi,Varanasi,Wheat,Dara,FAQ,2125,2265,2200,02-Jun-23
472,Varanasi,Varanasi,Wheat,Dara,FAQ,2520,2600,2540,25-Sep-24
473,Varanasi,Varanasi,Wheat,Dara,FAQ,2930,3000,2950,12-Feb-25
474,Varanasi,Varanasi,Wheat,Dara,FAQ,2275,2400,2380,19-Jun-24
475,Varanasi,Varanasi,Wheat,Dara,FAQ,2250,2365,2300,22-Jul-23
476,Varanasi,Varanasi,Wheat,Dara,FAQ,2745,2865,2790,25-Nov-24
477,Varanasi,Varanasi,Wheat,Dara,FAQ,2265,2340,2285,17-Jul-23
478,Varanasi,Varanasi,Wheat,Dara,FAQ,2535,2600,2580,03-Oct-24
479,Varanasi,Varanasi,Wheat,Dara,FAQ,2275,2375,2335,18-May-24
480,Varanasi,Varanasi,Wheat,Dara,FAQ,2400,2450,2435,03-Apr-24
481,Varanasi,Varanasi,Wheat,Dara,FAQ,2725,2800,2760,04-Feb-23
482,Varanasi,Varanasi,Wheat,Dara,FAQ,2125,2245,2175,01-Jun-23
483,Varanasi,Varanasi,Wheat,Dara,FAQ,2240,2350,2280,23-Mar-23
484,Varanasi,Varanasi,Wheat,Dara,FAQ,2750,2835,2780,20-Nov-24
485,Varanasi,Varanasi,Wheat,Dara,FAQ,2500,2600,2540,12-Jul-25
486,Varanasi,Varanasi,Wheat,Dara,FAQ,2340,2425,2380,25-Oct-23
487,Varanasi,Varanasi,Wheat,Dara,FAQ,2280,2425,2380,11-Jun-24
488,Varanasi,Varanasi,Wheat,Dara,FAQ,2440,2525,2475,08-Dec-23
489,Varanasi,Varanasi,Wheat,Dara,FAQ,3100,3185,3140,03-Dec-24
490,Varanasi,Varanasi,Wheat,Dara,FAQ,2540,2615,2580,22-Aug-25
491,Varanasi,Varanasi,Wheat,Dara,FAQ,2485,2575,2530,12-Jan-24
492,Varanasi,Varanasi,Wheat,Dara,FAQ,2540,2635,2575,14-Aug-25
493,Varanasi,Varanasi,Wheat,Dara,FAQ,2425,2545,2510,11-Apr-25
494,Varanasi,Varanasi,Wheat,Dara,FAQ,2345,2435,2390,29-Nov-23
495,Varanasi,Varanasi,Wheat,Dara,FAQ,2500,2590,2545,12-Sep-24
496,Varanasi,Varanasi,Wheat,Dara,FAQ,2320,2385,2330,04-Aug-23
497,Varanasi,Varanasi,Wheat,Dara,FAQ,2400,2490,2440,15-Jul-24
498,Varanasi,Varanasi,Wheat,Dara,FAQ,2475,2585,2525,04-Sep-24
499,Varanasi,Varanasi,Wheat,Dara,FAQ,2275,2365,2335,14-May-24
500,Varanasi,Varanasi,Wheat,Dara,FAQ,2470,2575,2525,19-Sep-24
501,Varanasi,Varanasi,Wheat,Dara,FAQ,2400,2490,2440,08-Jul-24
502,Varanasi,Varanasi,Wheat,Dara,FAQ,2530,2600,2555,28-Sep-24
503,Varanasi,Varanasi,Wheat,Dara,FAQ,2535,2615,2570,15-Aug-25
504,Varanasi,Varanasi,Wheat,Dara,FAQ,2250,2345,2300,08-Jul-23
505,Varanasi,Varanasi,Wheat,Dara,FAQ,2335,2420,2370,28-Sep-23
506,Varanasi,Varanasi,Wheat,Dara,FAQ,2500,2585,2550,03-Feb-24
507,Varanasi,Varanasi,Wheat,Dara,FAQ,2345,2425,2370,04-Oct-23
508,Varanasi,Varanasi,Wheat,Dara,FAQ,2745,2850,2790,22-Nov-24
509,Varanasi,Varanasi,Wheat,Dara,FAQ,2480,2550,2520,29-Feb-24
510,Varanasi,Varanasi,Wheat,Dara,FAQ,2250,2345,2300,16-Mar-23
511,Varanasi,Varanasi,Wheat,Dara,FAQ,2845,2915,2875,13-Jan-25
512,Varanasi,Varanasi,Wheat,Dara,FAQ,2280,2375,2330,20-Jun-23
513,Varanasi,Varanasi,Wheat,Dara,FAQ,2475,2590,2565,09-Jun-25
514,Varanasi,Varanasi,Wheat,Dara,FAQ,2275,2365,2330,22-Apr-24
515,Varanasi,Varanasi,Wheat,Dara,FAQ,2600,2685,2650,09-Oct-24
516,Varanasi,Varanasi,Wheat,Dara,FAQ,2185,2350,2260,25-Mar-23
517,Varanasi,Varanasi,Wheat,Dara,FAQ,2425,2530,2490,14-May-25
518,Varanasi,Varanasi,Wheat,Dara,FAQ,2540,2615,2570,19-Aug-25
519,Varanasi,Varanasi,Wheat,Dara,FAQ,2250,2365,2300,25-Jul-23
520,Varanasi,Varanasi,Wheat,Dara,FAQ,2275,2380,2365,12-Apr-24
521,Varanasi,Varanasi,Wheat,Dara,FAQ,2540,2625,2575,15-Feb-24
522,Varanasi,Varanasi,Wheat,Dara,FAQ,2720,2800,2760,08-Nov-24
523,Varanasi,Varanasi,Wheat,Dara,FAQ,2750,2875,2815,06-Dec-24
524,Varanasi,Varanasi,Wheat,Dara,FAQ,2300,2360,2330,16-Aug-23
525,Varanasi,Varanasi,Wheat,Dara,FAQ,2515,2600,2540,10-Jul-25
526,Varanasi,Varanasi,Wheat,Dara,FAQ,2520,2600,2535,23-Jan-24
527,Varanasi,Varanasi,Wheat,Dara,FAQ,2475,2600,2560,24-Jun-25
528,Varanasi,Varanasi,Wheat,Dara,FAQ,2425,2535,2500,23-Apr-25
529,Varanasi,Varanasi,Wheat,Dara,FAQ,2670,2760,2715,11-Jan-23
530,Varanasi,Varanasi,Wheat,Dara,FAQ,2825,2900,2850,25-Dec-24
531,Varanasi,Varanasi,Wheat,Dara,FAQ,2350,2440,2390,23-Nov-23
532,Varanasi,Varanasi,Wheat,Dara,FAQ,2525,2575,2540,06-Mar-23
533,Varanasi,Varanasi,Wheat,Dara,FAQ,2470,2585,2530,05-Feb-24
534,Varanasi,Varanasi,Wheat,Dara,FAQ,2740,2835,2770,06-Feb-23
535,Varanasi,Varanasi,Wheat,Dara,FAQ,2280,2390,2350,18-Apr-24
536,Varanasi,Varanasi,Wheat,Dara,FAQ,2700,2785,2750,18-Jan-23
537,Varanasi,Varanasi,Wheat,Dara,FAQ,2115,2160,2130,11-Apr-23
538,Varanasi,Varanasi,Wheat,Dara,FAQ,2400,2480,2440,23-Mar-24
539,Varanasi,Varanasi,Wheat,Dara,FAQ,2120,2175,2145,19-Apr-23
540,Varanasi,Varanasi,Wheat,Dara,FAQ,2540,2635,2560,28-Feb-24
541,Varanasi,Varanasi,Wheat,Dara,FAQ,2640,2720,2690,18-Oct-24
542,Varanasi,Varanasi,Wheat,Dara,FAQ,2450,2535,2490,11-Mar-24
543,Varanasi,Varanasi,Wheat,Dara,FAQ,2440,2520,2470,16-Aug-24
544,Varanasi,Varanasi,Wheat,Dara,FAQ,2350,2450,2410,03-Jul-24
545,Varanasi,Varanasi,Wheat,Dara,FAQ,2750,2815,2785,21-Nov-24
546,Varanasi,Varanasi,Wheat,Dara,Non-FAQ,2820,2900,2850,10-Feb-25
547,Varanasi,Varanasi,Wheat,Dara,FAQ,2470,2550,2515,31-Aug-24
548,Varanasi,Varanasi,Wheat,Dara,FAQ,2275,2385,2350,11-Apr-24
549,Varanasi,Varanasi,Wheat,Dara,FAQ,2270,2360,2315,10-Aug-23
550,Varanasi,Varanasi,Wheat,Dara,FAQ,2500,2565,2535,09-Sep-24
551,Varanasi,Varanasi,Wheat,Dara,FAQ,2275,2385,2340,16-May-24
552,Varanasi,Varanasi,Wheat,Dara,FAQ,2315,2400,2365,23-Sep-23
553,Varanasi,Varanasi,Wheat,Dara,FAQ,2500,2575,2530,24-Sep-24
554,Varanasi,Varanasi,Wheat,Dara,FAQ,2775,2890,2810,16-Feb-23
555,Varanasi,Varanasi,Wheat,Dara,FAQ,2440,2565,2530,02-Jun-25
556,Varanasi,Varanasi,Wheat,Dara,FAQ,2370,2465,2400,14-Nov-23
557,Varanasi,Varanasi,Wheat,Dara,FAQ,2540,2635,2580,19-Feb-24
558,Varanasi,Varanasi,Wheat,Dara,FAQ,2645,2725,2690,19-Oct-24
559,Varanasi,Varanasi,Wheat,Dara,FAQ,2850,2960,2915,18-Jan-25
560,Varanasi,Varanasi,Wheat,Dara,FAQ,2470,2550,2500,29-Aug-24
561,Varanasi,Varanasi,Wheat,Dara,FAQ,2275,2435,2375,03-Jun-24
562,Varanasi,Varanasi,Wheat,Dara,FAQ,2370,2450,2420,18-Mar-24
563,Varanasi,Varanasi,Wheat,Dara,FAQ,2940,3035,2970,04-Mar-25
564,Varanasi,Varanasi,Wheat,Dara,FAQ,2500,2565,2535,20-Jan-24
565,Varanasi,Varanasi,Wheat,Dara,FAQ,2425,2535,2500,26-Apr-25
566,Varanasi,Varanasi,Wheat,Dara,FAQ,2425,2535,2495,22-May-25
567,Varanasi,Varanasi,Wheat,Dara,FAQ,2585,2670,2625,07-Oct-24
568,Varanasi,Varanasi,Wheat,Dara,FAQ,2300,2365,2330,23-Aug-23
569,Varanasi,Varanasi,Wheat,Dara,FAQ,2485,2565,2530,13-Sep-24
570,Varanasi,Varanasi,Wheat,Dara,FAQ,2645,2720,2685,16-Oct-24
571,Varanasi,Varanasi,Wheat,Dara,FAQ,2740,2850,2785,26-Nov-24
572,Varanasi,Varanasi,Wheat,Dara,FAQ,2370,2465,2420,04-Jul-24
573,Varanasi,Varanasi,Wheat,Dara,FAQ,2265,2335,2300,19-Jul-23
574,Varanasi,Varanasi,Wheat,Dara,FAQ,2425,2545,2515,24-Apr-25
575,Varanasi,Varanasi,Wheat,Dara,FAQ,2510,2600,2550,26-Sep-24
576,Varanasi,Varanasi,Wheat,Dara,FAQ,2345,2425,2380,12-Oct-23
577,Varanasi,Varanasi,Wheat,Dara,FAQ,2945,3015,2970,28-Feb-25
578,Varanasi,Varanasi,Wheat,Dara,FAQ,2450,2525,2475,08-Aug-24
579,Varanasi,Varanasi,Wheat,Dara,FAQ,2510,2600,2540,31-Jul-25
580,Varanasi,Varanasi,Wheat,Dara,FAQ,2275,2385,2340,27-May-24
581,Varanasi,Varanasi,Wheat,Dara,FAQ,3515,3600,3550,29-Oct-24
582,Varanasi,Varanasi,Wheat,Dara,FAQ,2435,2515,2475,23-Jul-24
583,Varanasi,Varanasi,Wheat,Dara,FAQ,2250,2340,2300,26-Jul-23
584,Varanasi,Varanasi,Wheat,Dara,FAQ,2285,2390,2350,29-Jun-23
585,Varanasi,Varanasi,Wheat,Dara,FAQ,2345,2425,2370,16-Oct-23
586,Varanasi,Varanasi,Wheat,Dara,FAQ,2275,2425,2380,05-Jun-24
587,Varanasi,Varanasi,Wheat,Dara,Non-FAQ,2840,2935,2880,01-Feb-25
588,Varanasi,Varanasi,Wheat,Dara,FAQ,2925,3000,2965,13-Feb-25
589,Varanasi,Varanasi,Wheat,Dara,FAQ,2920,3000,2950,10-Mar-25
590,Varanasi,Varanasi,Wheat,Dara,FAQ,2470,2550,2510,28-Aug-24
591,Varanasi,Varanasi,Wheat,Dara,FAQ,2275,2385,2360,13-Apr-24
592,Varanasi,Varanasi,Wheat,Dara,FAQ,2300,2375,2325,24-Aug-23
593,Varanasi,Varanasi,Wheat,Dara,FAQ,2765,2850,2815,28-Jan-23
594,Varanasi,Varanasi,Wheat,Dara,FAQ,2285,2350,2325,04-Jul-23
595,Varanasi,Varanasi,Wheat,Dara,FAQ,2480,2575,2535,23-Jul-25
596,Varanasi,Varanasi,Wheat,Dara,FAQ,2385,2450,2415,15-Mar-24
597,Varanasi,Varanasi,Wheat,Dara,FAQ,2285,2385,2350,26-Jun-23
598,Varanasi,Varanasi,Wheat,Dara,FAQ,2350,2440,2395,24-Nov-23
599,Varanasi,Varanasi,Wheat,Dara,FAQ,2675,2800,2765,03-Feb-23
600,Varanasi,Varanasi,Wheat,Dara,FAQ,2470,2550,2500,26-Aug-24
601,Varanasi,Varanasi,Wheat,Dara,FAQ,2750,2835,2790,23-Feb-23
602,Varanasi,Varanasi,Wheat,Dara,FAQ,2470,2535,2500,09-Mar-24
603,Varanasi,Varanasi,Wheat,Dara,FAQ,2480,2610,2560,25-Jun-25
604,Varanasi,Varanasi,Wheat,Dara,FAQ,2400,2485,2425,14-Mar-24
605,Varanasi,Varanasi,Wheat,Dara,FAQ,2125,2200,2160,04-Apr-23
606,Varanasi,Varanasi,Wheat,Dara,FAQ,2600,2700,2635,01-Apr-25
607,Varanasi,Varanasi,Wheat,Dara,FAQ,2480,2615,2560,27-Jun-25
608,Varanasi,Varanasi,Wheat,Dara,FAQ,2125,2235,2185,19-May-23
609,Varanasi,Varanasi,Wheat,Dara,FAQ,2345,2465,2390,10-Nov-23
610,Varanasi,Varanasi,Wheat,Dara,FAQ,2370,2450,2400,15-Nov-23
611,Varanasi,Varanasi,Wheat,Dara,FAQ,2350,2460,2390,09-Nov-23
612,Varanasi,Varanasi,Wheat,Dara,FAQ,2300,2370,2330,01-Sep-23
613,Varanasi,Varanasi,Wheat,Dara,FAQ,2425,2530,2500,15-May-25
614,Varanasi,Varanasi,Wheat,Dara,FAQ,2715,2800,2765,13-Nov-24
615,Varanasi,Varanasi,Wheat,Dara,FAQ,2750,2845,2800,23-Dec-24
616,Varanasi,Varanasi,Wheat,Dara,FAQ,2765,2865,2810,20-Dec-24
617,Varanasi,Varanasi,Wheat,Dara,FAQ,2900,2985,2950,04-Feb-25
618,Varanasi,Varanasi,Wheat,Dara,FAQ,2370,2500,2410,27-Nov-23
619,Varanasi,Varanasi,Wheat,Dara,FAQ,2400,2485,2450,10-Mar-23
620,Varanasi,Varanasi,Wheat,Dara,FAQ,2315,2425,2365,15-Sep-23
621,Varanasi,Varanasi,Wheat,Dara,FAQ,2125,2230,2150,02-May-23
622,Varanasi,Varanasi,Wheat,Dara,FAQ,2470,2550,2515,16-Dec-23
623,Varanasi,Varanasi,Wheat,Dara,FAQ,2715,2840,2775,25-Mar-25
624,Varanasi,Varanasi,Wheat,Dara,FAQ,2300,2375,2330,09-Aug-23
625,Varanasi,Varanasi,Wheat,Dara,FAQ,2330,2400,2360,18-Sep-23
626,Varanasi,Varanasi,Wheat,Dara,FAQ,2120,2140,2125,18-Apr-23
627,Varanasi,Varanasi,Wheat,Dara,FAQ,2380,2475,2425,22-Mar-24
628,Varanasi,Varanasi,Wheat,Dara,FAQ,2185,2265,2230,27-Mar-23
629,Varanasi,Varanasi,Wheat,Dara,FAQ,2370,2475,2425,20-Mar-24
630,Varanasi,Varanasi,Wheat,Dara,FAQ,2640,2735,2695,27-Feb-23
631,Varanasi,Varanasi,Wheat,Dara,FAQ,2270,2350,2300,01-Aug-23
632,Varanasi,Varanasi,Wheat,Dara,FAQ,2480,2565,2535,21-Sep-24
633,Varanasi,Varanasi,Wheat,Dara,FAQ,2425,2515,2485,24-May-25
634,Varanasi,Varanasi,Wheat,Dara,FAQ,2200,2635,2285,13-Jun-23
635,Varanasi,Varanasi,Wheat,Dara,FAQ,2350,2425,2370,30-Oct-23
636,Varanasi,Varanasi,Wheat,Dara,FAQ,2900,2975,2940,28-Jan-25
637,Varanasi,Varanasi,Wheat,Dara,FAQ,2540,2620,2580,17-Feb-24
638,Varanasi,Varanasi,Wheat,Dara,FAQ,2265,2375,2300,20-Jul-23
639,Varanasi,Varanasi,Wheat,Dara,FAQ,2900,2985,2950,03-Feb-25
640,Varanasi,Varanasi,Wheat,Dara,FAQ,2425,2535,2490,12-May-25
641,Varanasi,Varanasi,Wheat,Dara,FAQ,2275,2370,2340,02-May-24
642,Varanasi,Varanasi,Wheat,Dara,FAQ,2510,2590,2545,26-Jul-25
643,Varanasi,Varanasi,Wheat,Dara,FAQ,2765,2850,2820,31-Jan-23
644,Varanasi,Varanasi,Wheat,Dara,FAQ,2425,2530,2500,19-May-25
645,Varanasi,Varanasi,Wheat,Dara,FAQ,2470,2545,2515,30-Dec-23
646,Varanasi,Varanasi,Wheat,Dara,FAQ,2480,2565,2530,16-Sep-24
647,Varanasi,Varanasi,Wheat,Dara,FAQ,2300,2355,2330,08-Aug-23
648,Varanasi,Varanasi,Wheat,Dara,FAQ,2125,2250,2190,22-May-23
649,Varanasi,Varanasi,Wheat,Dara,FAQ,2465,2550,2520,22-Dec-23
650,Varanasi,Varanasi,Wheat,Dara,FAQ,2740,2850,2780,21-Feb-23
651,Varanasi,Varanasi,Wheat,Dara,FAQ,2290,2400,2350,30-Jun-23
652,Varanasi,Varanasi,Wheat,Dara,FAQ,2150,2245,2200,31-Mar-23
653,Varanasi,Varanasi,Wheat,Dara,FAQ,2400,2515,2475,24-Jul-24
654,Varanasi,Varanasi,Wheat,Dara,FAQ,2380,2450,2425,19-Mar-24
655,Varanasi,Varanasi,Wheat,Dara,FAQ,2300,2385,2335,18-Aug-23
656,Varanasi,Varanasi,Wheat,Dara,FAQ,2280,2365,2335,17-May-24
657,Varanasi,Varanasi,Wheat,Dara,FAQ,2650,2735,2700,02-Jan-23
658,Varanasi,Varanasi,Wheat,Dara,FAQ,2425,2515,2495,17-May-25
659,Varanasi,Varanasi,Wheat,Dara,FAQ,2485,2560,2535,23-Sep-24
660,Varanasi,Varanasi,Wheat,Dara,FAQ,2340,2425,2370,03-Oct-23
661,Varanasi,Varanasi,Wheat,Dara,FAQ,2500,2565,2535,24-Jan-24
662,Varanasi,Varanasi,Wheat,Dara,FAQ,2450,2545,2510,08-Mar-24
663,Varanasi,Varanasi,Wheat,Dara,FAQ,2785,2900,2850,21-Mar-25
664,Varanasi,Varanasi,Wheat,Dara,FAQ,2125,2250,2170,03-Apr-23
665,Varanasi,Varanasi,Wheat,Dara,FAQ,2765,2835,2800,15-Feb-23
666,Varanasi,Varanasi,Wheat,Dara,FAQ,2425,2535,2485,13-May-25
667,Varanasi,Varanasi,Wheat,Dara,FAQ,2875,2950,2920,20-Jan-25
668,Varanasi,Varanasi,Wheat,Dara,FAQ,2435,2550,2520,26-May-25
669,Varanasi,Varanasi,Wheat,Dara,FAQ,2425,2520,2500,10-May-25
670,Varanasi,Varanasi,Wheat,Dara,FAQ,2125,2220,2175,15-May-23
671,Varanasi,Varanasi,Wheat,Dara,FAQ,2475,2565,2510,29-Dec-23
672,Varanasi,Varanasi,Wheat,Dara,FAQ,2265,2350,2325,02-Sep-23
673,Varanasi,Varanasi,Wheat,Dara,FAQ,2425,2535,2500,09-Apr-25
674,Varanasi,Varanasi,Wheat,Dara,FAQ,2900,2985,2950,11-Feb-25
675,Varanasi,Varanasi,Wheat,Dara,FAQ,2435,2565,2525,29-May-25
676,Varanasi,Varanasi,Wheat,Dara,FAQ,2490,2575,2530,15-Dec-23
677,Varanasi,Varanasi,Wheat,Dara,FAQ,2270,2360,2320,02-Aug-23
678,Varanasi,Varanasi,Wheat,Dara,FAQ,2350,2450,2385,10-Oct-23
679,Varanasi,Varanasi,Wheat,Dara,FAQ,2470,2550,2520,05-Mar-24
680,Varanasi,Varanasi,Wheat,Dara,FAQ,2125,2250,2190,28-Apr-23
681,Varanasi,Varanasi,Wheat,Dara,FAQ,2275,2375,2340,21-May-24
682,Varanasi,Varanasi,Wheat,Dara,FAQ,2720,2800,2750,02-Nov-24
683,Varanasi,Varanasi,Wheat,Dara,FAQ,2280,2350,2315,29-Jul-23
684,Varanasi,Varanasi,Wheat,Dara,FAQ,2765,2835,2800,21-Dec-24
685,Varanasi,Varanasi,Wheat,Dara,FAQ,2425,2550,2510,08-Apr-25
686,Varanasi,Varanasi,Wheat,Dara,FAQ,2275,2360,2315,10-Jul-23
687,Varanasi,Varanasi,Wheat,Dara,FAQ,2340,2425,2380,03-Nov-23
688,Varanasi,Varanasi,Wheat,Dara,FAQ,2620,2700,2665,01-Mar-23
689,Varanasi,Varanasi,Wheat,Dara,FAQ,2440,2515,2480,19-Aug-24
690,Varanasi,Varanasi,Wheat,Dara,FAQ,2425,2550,2475,12-Aug-24
691,Varanasi,Varanasi,Wheat,Dara,FAQ,2770,2845,2800,17-Feb-23
692,Varanasi,Varanasi,Wheat,Dara,FAQ,2500,2565,2525,11-Jan-24
693,Varanasi,Varanasi,Wheat,Dara,FAQ,2440,2535,2470,29-Jul-24
694,Varanasi,Varanasi,Wheat,Dara,FAQ,2935,3000,2960,08-Mar-25
695,Varanasi,Varanasi,Wheat,Dara,FAQ,2520,2615,2560,07-Aug-25
696,Varanasi,Varanasi,Wheat,Dara,FAQ,2485,2600,2580,12-Jun-25
697,Varanasi,Varanasi,Wheat,Dara,FAQ,2285,2425,2325,12-Jul-23
698,Varanasi,Varanasi,Wheat,Dara,FAQ,2265,2340,2300,15-Jul-23
699,Varanasi,Varanasi,Wheat,Dara,FAQ,2125,2200,2165,09-May-23
700,Varanasi,Varanasi,Wheat,Dara,FAQ,2340,2420,2385,06-Nov-23
701,Varanasi,Varanasi,Wheat,Dara,FAQ,2470,2550,2520,10-Jan-24
702,Varanasi,Varanasi,Wheat,Dara,FAQ,2400,2485,2435,16-Jul-24
703,Varanasi,Varanasi,Wheat,Dara,FAQ,2390,2485,2440,09-Jul-24
704,Varanasi,Varanasi,Wheat,Dara,FAQ,2470,2550,2515,03-Jan-24
705,Varanasi,Varanasi,Wheat,Dara,FAQ,2800,2890,2850,22-Mar-25
706,Varanasi,Varanasi,Wheat,Dara,FAQ,2300,2360,2330,17-Aug-23
707,Varanasi,Varanasi,Wheat,Dara,FAQ,2370,2465,2420,02-Jul-24
708,Varanasi,Varanasi,Wheat,Dara,FAQ,2340,2415,2370,02-Oct-23
709,Varanasi,Varanasi,Wheat,Dara,FAQ,2530,2600,2540,24-Jul-25
710,Varanasi,Varanasi,Wheat,Dara,FAQ,2715,2850,2785,27-Nov-24
711,Varanasi,Varanasi,Wheat,Dara,FAQ,2265,2375,2300,06-Jul-23
712,Varanasi,Varanasi,Wheat,Dara,FAQ,2275,2425,2370,09-Apr-24
713,Varanasi,Varanasi,Wheat,Dara,FAQ,2275,2450,2380,17-Jun-24
714,Varanasi,Varanasi,Wheat,Dara,FAQ,2500,2575,2540,09-Feb-24
715,Varanasi,Varanasi,Wheat,Dara,FAQ,2120,2145,2125,13-Apr-23
716,Varanasi,Varanasi,Wheat,Dara,FAQ,2300,2365,2325,07-Aug-23
717,Varanasi,Varanasi,Wheat,Dara,FAQ,2375,2450,2420,16-Mar-24
718,Varanasi,Varanasi,Wheat,Dara,FAQ,2485,2550,2515,02-Jan-24
719,Varanasi,Varanasi,Wheat,Dara,FAQ,2285,2345,2320,26-Aug-23
720,Varanasi,Varanasi,Wheat,Dara,FAQ,2525,2640,2570,14-Feb-24
721,Varanasi,Varanasi,Wheat,Dara,FAQ,2370,2500,2465,26-Jun-24
722,Varanasi,Varanasi,Wheat,Dara,FAQ,2470,2565,2525,29-Jan-24
723,Varanasi,Varanasi,Wheat,Dara,FAQ,2125,2265,2220,05-Jun-23
724,Varanasi,Varanasi,Wheat,Dara,FAQ,2650,2765,2725,14-Jan-23
725,Varanasi,Varanasi,Wheat,Dara,FAQ,2415,2500,2440,11-Jul-24
726,Varanasi,Varanasi,Wheat,Dara,FAQ,2250,2375,2325,17-Jun-23
727,Varanasi,Varanasi,Wheat,Dara,FAQ,2125,2235,2170,29-May-23
728,Varanasi,Varanasi,Wheat,Dara,FAQ,2425,2535,2500,05-May-25
729,Varanasi,Varanasi,Wheat,Dara,FAQ,2270,2360,2320,01-Jul-23
730,Varanasi,Varanasi,Wheat,Dara,FAQ,2425,2530,2480,19-Apr-25
731,Varanasi,Varanasi,Wheat,Dara,FAQ,2500,2585,2535,13-Jan-24
732,Varanasi,Varanasi,Wheat,Dara,FAQ,2350,2435,2400,05-Apr-24
733,Varanasi,Varanasi,Wheat,Dara,FAQ,2425,2535,2490,21-May-25
734,Varanasi,Varanasi,Wheat,Dara,FAQ,2525,2600,2560,11-Aug-25
735,Varanasi,Varanasi,Wheat,Dara,FAQ,2765,2845,2800,25-Jan-23
736,Varanasi,Varanasi,Wheat,Dara,FAQ,2280,2425,2390,10-Jun-24
737,Varanasi,Varanasi,Wheat,Dara,FAQ,2840,2950,2870,30-Dec-24
738,Varanasi,Varanasi,Wheat,Dara,FAQ,2465,2550,2520,04-Jul-25
